/*
Navicat MySQL Data Transfer

Source Server         : .
Source Server Version : 50717
Source Host           : localhost:3306
Source Database       : news

Target Server Type    : MYSQL
Target Server Version : 50717
File Encoding         : 65001

Date: 2018-12-14 18:30:24
*/

SET FOREIGN_KEY_CHECKS=0;

-- ----------------------------
-- Table structure for account
-- ----------------------------
DROP TABLE IF EXISTS `account`;
CREATE TABLE `account` (
  `aid` int(11) NOT NULL,
  `equity` varchar(255) DEFAULT NULL,
  `firmoffer` varchar(255) DEFAULT NULL,
  `retracement` varchar(255) DEFAULT NULL,
  `atime` timestamp NULL DEFAULT CURRENT_TIMESTAMP ON UPDATE CURRENT_TIMESTAMP,
  KEY `A_S` (`aid`),
  CONSTRAINT `A_S` FOREIGN KEY (`aid`) REFERENCES `strategy` (`sid`)
) ENGINE=InnoDB DEFAULT CHARSET=utf8;

-- ----------------------------
-- Records of account
-- ----------------------------
INSERT INTO `account` VALUES ('1', '7567435.88', '6674234.56', '467.23', '2018-12-12 17:32:01');
INSERT INTO `account` VALUES ('1', '3567435.88', '3674234.56', '467.23', '2018-12-12 17:32:04');
INSERT INTO `account` VALUES ('2', '7567435.88', '2,674,234.56', '0643467.23', '2018-12-12 17:19:39');
INSERT INTO `account` VALUES ('2', '7567435.88', '674,234.56', '0643467.23', '2018-12-12 17:19:39');
INSERT INTO `account` VALUES ('2', '7567435.88', '34,234.56', '0643467.23', '2018-12-12 17:19:39');
INSERT INTO `account` VALUES ('2', '6567435.88', '5565656', '0643467.23', '2018-12-12 17:19:39');
INSERT INTO `account` VALUES ('2', '9567435.88', '56574,234.56', '0643467.23', '2018-12-12 17:19:39');
INSERT INTO `account` VALUES ('2', '1567435.88', '23234,234.56', '0643467.23', '2018-12-12 17:19:39');
INSERT INTO `account` VALUES ('2', '567435.88', '344,234.56', '0643467.23', '2018-12-12 17:19:39');
INSERT INTO `account` VALUES ('2', '5567435.88', '56774,234.56', '0643467.23', '2018-12-12 17:19:39');
INSERT INTO `account` VALUES ('2', '8567435.88', '676874,234.56', '0643467.23', '2018-12-12 17:19:39');
INSERT INTO `account` VALUES ('2', '9567435.88', '8674234.56', '0643467.23', '2018-12-12 17:19:39');
INSERT INTO `account` VALUES ('2', '7567435.88', '1674234.56', '0643467.23', '2018-12-12 17:19:39');
INSERT INTO `account` VALUES ('1', '4567435.88', '4674234.56', '67.23', '2018-12-12 17:32:11');
INSERT INTO `account` VALUES ('1', '5567435.88', '4674234.56', '67.23', '2018-12-12 17:32:13');
INSERT INTO `account` VALUES ('1', '6567435.88', '174234.56', '3467.23', '2018-12-12 17:32:18');
INSERT INTO `account` VALUES ('1', '8567435.88', '3674234.56', '467.23', '2018-12-12 17:32:22');
INSERT INTO `account` VALUES ('1', '9567435.88', '7674234.56', '3467.23', '2018-12-12 17:32:26');
INSERT INTO `account` VALUES ('1', '2567435.88', '6674234.56', '5467.23', '2018-12-12 17:32:29');
INSERT INTO `account` VALUES ('1', '3567435.88', '6674234.56', '2467.23', '2018-12-12 17:32:34');
INSERT INTO `account` VALUES ('1', '7567435.88', '6674234.56', '267.23', '2018-12-12 17:32:41');
INSERT INTO `account` VALUES ('1', '7567435.88', '6674234.56', '967.23', '2018-12-12 17:32:52');
INSERT INTO `account` VALUES ('1', '5567435.88', '6674234.56', '2467.23', '2018-12-12 17:32:56');
INSERT INTO `account` VALUES ('1', '9567435.88', '674234.56', '66347.23', '2018-12-12 17:33:03');
INSERT INTO `account` VALUES ('1', '9567435.88', '74234.56', '66467.23', '2018-12-12 17:24:20');
INSERT INTO `account` VALUES ('1', '9567435.88', '74234.56', '56467.23', '2018-12-12 17:24:24');
INSERT INTO `account` VALUES ('1', '9567435.88', '4474234.56', '243467.23', '2018-12-12 17:24:27');
INSERT INTO `account` VALUES ('1', '6567435.88', '174234.56', '67.23', '2018-12-10 17:08:23');
INSERT INTO `account` VALUES ('1', '8567435.88', '3674234.56', '467.23', '2018-12-10 17:08:26');
INSERT INTO `account` VALUES ('1', '9567435.88', '7674234.56', '267.23', '2018-12-10 17:08:31');
INSERT INTO `account` VALUES ('1', '2567435.88', '6674234.56', '67.23', '2018-12-10 17:08:36');
INSERT INTO `account` VALUES ('1', '3567435.88', '6674234.56', '6467.23', '2018-12-10 17:08:40');
INSERT INTO `account` VALUES ('1', '7567435.88', '6674234.56', '467.23', '2018-12-10 16:04:20');
INSERT INTO `account` VALUES ('1', '7567435.88', '6674234.56', '437.23', '2018-12-10 16:04:15');
INSERT INTO `account` VALUES ('1', '5567435.88', '6674234.56', '646.23', '2018-12-10 16:04:11');
INSERT INTO `account` VALUES ('1', '9567435.88', '674234.56', '6447.23', '2018-12-10 16:06:16');
INSERT INTO `account` VALUES ('1', '9567435.88', '74234.56', '67.23', '2018-12-10 16:06:19');
INSERT INTO `account` VALUES ('1', '9567435.88', '74234.56', '56467.23', '2018-12-10 16:06:22');
INSERT INTO `account` VALUES ('1', '6567435.88', '174234.56', '67.23', '2018-12-10 17:08:23');
INSERT INTO `account` VALUES ('1', '8567435.88', '3674234.56', '467.23', '2018-12-10 17:08:26');
INSERT INTO `account` VALUES ('1', '9567435.88', '7674234.56', '267.23', '2018-12-10 17:08:31');
INSERT INTO `account` VALUES ('1', '2567435.88', '6674234.56', '67.23', '2018-12-10 17:08:36');
INSERT INTO `account` VALUES ('1', '5567435.88', '6674234.56', '646.23', '2018-12-10 16:04:11');
INSERT INTO `account` VALUES ('1', '9567435.88', '674234.56', '6447.23', '2018-12-10 16:06:16');
INSERT INTO `account` VALUES ('1', '9567435.88', '74234.56', '67.23', '2018-12-10 16:06:19');
INSERT INTO `account` VALUES ('1', '9567435.88', '74234.56', '56467.23', '2018-12-10 16:06:22');
INSERT INTO `account` VALUES ('1', '7567435.88', '6674234.56', '467.23', '2018-12-10 16:04:20');
INSERT INTO `account` VALUES ('1', '7567435.88', '6674234.56', '437.23', '2018-12-10 16:04:15');
INSERT INTO `account` VALUES ('1', '5567435.88', '6674234.56', '646.23', '2018-12-10 16:04:11');
INSERT INTO `account` VALUES ('1', '9567435.88', '674234.56', '6447.23', '2018-12-10 16:06:16');
INSERT INTO `account` VALUES ('1', '9567435.88', '74234.56', '67.23', '2018-12-10 16:06:19');
INSERT INTO `account` VALUES ('1', '9567435.88', '74234.56', '56467.23', '2018-12-10 16:06:22');
INSERT INTO `account` VALUES ('1', '6567435.88', '174234.56', '67.23', '2018-12-10 17:08:23');
INSERT INTO `account` VALUES ('1', '8567435.88', '3674234.56', '467.23', '2018-12-10 17:08:26');
INSERT INTO `account` VALUES ('1', '9567435.88', '7674234.56', '267.23', '2018-12-10 17:08:31');
INSERT INTO `account` VALUES ('1', '2567435.88', '6674234.56', '67.23', '2018-12-10 17:08:36');
INSERT INTO `account` VALUES ('1', '5567435.88', '6674234.56', '646.23', '2018-12-10 16:04:11');
INSERT INTO `account` VALUES ('1', '9567435.88', '674234.56', '6447.23', '2018-12-10 16:06:16');
INSERT INTO `account` VALUES ('1', '7567435.88', '6674234.56', '467.23', '2018-12-10 16:04:20');
INSERT INTO `account` VALUES ('1', '7567435.88', '6674234.56', '437.23', '2018-12-10 16:04:15');
INSERT INTO `account` VALUES ('1', '5567435.88', '6674234.56', '646.23', '2018-12-10 16:04:11');
INSERT INTO `account` VALUES ('1', '9567435.88', '674234.56', '6447.23', '2018-12-10 16:06:16');
INSERT INTO `account` VALUES ('1', '9567435.88', '74234.56', '67.23', '2018-12-10 16:06:19');
INSERT INTO `account` VALUES ('1', '9567435.88', '74234.56', '56467.23', '2018-12-10 16:06:22');
INSERT INTO `account` VALUES ('1', '6567435.88', '174234.56', '67.23', '2018-12-10 17:08:23');
INSERT INTO `account` VALUES ('1', '8567435.88', '3674234.56', '467.23', '2018-12-10 17:08:26');
INSERT INTO `account` VALUES ('1', '9567435.88', '7674234.56', '267.23', '2018-12-10 17:08:31');
INSERT INTO `account` VALUES ('1', '2567435.88', '6674234.56', '67.23', '2018-12-10 17:08:36');
INSERT INTO `account` VALUES ('1', '5567435.88', '6674234.56', '646.23', '2018-12-10 16:04:11');
INSERT INTO `account` VALUES ('1', '9567435.88', '674234.56', '6447.23', '2018-12-10 16:06:16');
INSERT INTO `account` VALUES ('1', '7567435.88', '6674234.56', '467.23', '2018-12-10 16:04:20');
INSERT INTO `account` VALUES ('1', '7567435.88', '6674234.56', '437.23', '2018-12-10 16:04:15');
INSERT INTO `account` VALUES ('1', '5567435.88', '6674234.56', '646.23', '2018-12-10 16:04:11');
INSERT INTO `account` VALUES ('1', '9567435.88', '674234.56', '6447.23', '2018-12-10 16:06:16');
INSERT INTO `account` VALUES ('1', '9567435.88', '74234.56', '67.23', '2018-12-10 16:06:19');
INSERT INTO `account` VALUES ('1', '9567435.88', '74234.56', '56467.23', '2018-12-10 16:06:22');
INSERT INTO `account` VALUES ('1', '6567435.88', '174234.56', '67.23', '2018-12-10 17:08:23');
INSERT INTO `account` VALUES ('1', '8567435.88', '3674234.56', '467.23', '2018-12-10 17:08:26');
INSERT INTO `account` VALUES ('1', '9567435.88', '674234.56', '6447.23', '2018-12-10 16:06:16');
INSERT INTO `account` VALUES ('1', '9567435.88', '74234.56', '67.23', '2018-12-10 16:06:19');
INSERT INTO `account` VALUES ('1', '9567435.88', '74234.56', '56467.23', '2018-12-10 16:06:22');
INSERT INTO `account` VALUES ('1', '6567435.88', '174234.56', '67.23', '2018-12-10 17:08:23');
INSERT INTO `account` VALUES ('1', '8567435.88', '3674234.56', '467.23', '2018-12-10 17:08:26');
INSERT INTO `account` VALUES ('1', '9567435.88', '7674234.56', '267.23', '2018-12-10 17:08:31');
INSERT INTO `account` VALUES ('1', '2567435.88', '6674234.56', '67.23', '2018-12-10 17:08:36');
INSERT INTO `account` VALUES ('1', '5567435.88', '6674234.56', '646.23', '2018-12-10 16:04:11');
INSERT INTO `account` VALUES ('1', '9567435.88', '674234.56', '6447.23', '2018-12-10 16:06:16');
INSERT INTO `account` VALUES ('1', '9567435.88', '674234.56', '6447.23', '2018-12-10 16:06:16');
INSERT INTO `account` VALUES ('1', '9567435.88', '74234.56', '67.23', '2018-12-10 16:06:19');
INSERT INTO `account` VALUES ('1', '9567435.88', '74234.56', '56467.23', '2018-12-10 16:06:22');
INSERT INTO `account` VALUES ('1', '6567435.88', '174234.56', '67.23', '2018-12-10 17:08:23');
INSERT INTO `account` VALUES ('1', '9567435.88', '674234.56', '6447.23', '2018-12-10 16:06:16');
INSERT INTO `account` VALUES ('1', '9567435.88', '674234.56', '66347.23', '2018-12-12 17:33:03');
INSERT INTO `account` VALUES ('1', '9567435.88', '74234.56', '66467.23', '2018-12-12 17:24:20');
INSERT INTO `account` VALUES ('1', '9567435.88', '74234.56', '56467.23', '2018-12-12 17:24:24');
INSERT INTO `account` VALUES ('1', '9567435.88', '4474234.56', '243467.23', '2018-12-12 17:24:27');
INSERT INTO `account` VALUES ('1', '6567435.88', '174234.56', '67.23', '2018-12-10 17:08:23');
INSERT INTO `account` VALUES ('1', '8567435.88', '3674234.56', '467.23', '2018-12-10 17:08:26');
INSERT INTO `account` VALUES ('1', '9567435.88', '674234.56', '66347.23', '2018-12-12 17:33:03');
INSERT INTO `account` VALUES ('1', '9567435.88', '74234.56', '66467.23', '2018-12-12 17:24:20');
INSERT INTO `account` VALUES ('1', '9567435.88', '74234.56', '56467.23', '2018-12-12 17:24:24');
INSERT INTO `account` VALUES ('1', '9567435.88', '4474234.56', '243467.23', '2018-12-12 17:24:27');
INSERT INTO `account` VALUES ('1', '6567435.88', '174234.56', '67.23', '2018-12-10 17:08:23');
INSERT INTO `account` VALUES ('1', '8567435.88', '3674234.56', '467.23', '2018-12-10 17:08:26');
INSERT INTO `account` VALUES ('1', '9567435.88', '674234.56', '66347.23', '2018-12-12 17:33:03');
INSERT INTO `account` VALUES ('1', '9567435.88', '74234.56', '66467.23', '2018-12-12 17:24:20');
INSERT INTO `account` VALUES ('1', '9567435.88', '74234.56', '56467.23', '2018-12-12 17:24:24');
INSERT INTO `account` VALUES ('1', '9567435.88', '4474234.56', '243467.23', '2018-12-12 17:24:27');
INSERT INTO `account` VALUES ('1', '6567435.88', '174234.56', '67.23', '2018-12-10 17:08:23');
INSERT INTO `account` VALUES ('1', '8567435.88', '3674234.56', '467.23', '2018-12-10 17:08:26');
INSERT INTO `account` VALUES ('1', '9567435.88', '674234.56', '66347.23', '2018-12-12 17:33:03');
INSERT INTO `account` VALUES ('1', '9567435.88', '74234.56', '66467.23', '2018-12-12 17:24:20');
INSERT INTO `account` VALUES ('1', '9567435.88', '74234.56', '56467.23', '2018-12-12 17:24:24');
INSERT INTO `account` VALUES ('1', '9567435.88', '4474234.56', '243467.23', '2018-12-12 17:24:27');
INSERT INTO `account` VALUES ('1', '6567435.88', '174234.56', '67.23', '2018-12-10 17:08:23');
INSERT INTO `account` VALUES ('1', '8567435.88', '3674234.56', '467.23', '2018-12-10 17:08:26');
INSERT INTO `account` VALUES ('1', '9567435.88', '674234.56', '66347.23', '2018-12-12 17:33:03');
INSERT INTO `account` VALUES ('1', '9567435.88', '74234.56', '66467.23', '2018-12-12 17:24:20');
INSERT INTO `account` VALUES ('1', '9567435.88', '74234.56', '56467.23', '2018-12-12 17:24:24');
INSERT INTO `account` VALUES ('1', '9567435.88', '4474234.56', '243467.23', '2018-12-12 17:24:27');
INSERT INTO `account` VALUES ('1', '6567435.88', '174234.56', '67.23', '2018-12-10 17:08:23');
INSERT INTO `account` VALUES ('1', '8567435.88', '3674234.56', '467.23', '2018-12-10 17:08:26');
INSERT INTO `account` VALUES ('1', '9567435.88', '674234.56', '66347.23', '2018-12-12 17:33:03');
INSERT INTO `account` VALUES ('1', '9567435.88', '74234.56', '66467.23', '2018-12-12 17:24:20');
INSERT INTO `account` VALUES ('1', '9567435.88', '74234.56', '56467.23', '2018-12-12 17:24:24');
INSERT INTO `account` VALUES ('1', '9567435.88', '4474234.56', '243467.23', '2018-12-12 17:24:27');
INSERT INTO `account` VALUES ('1', '6567435.88', '174234.56', '67.23', '2018-12-10 17:08:23');
INSERT INTO `account` VALUES ('1', '8567435.88', '3674234.56', '467.23', '2018-12-10 17:08:26');
INSERT INTO `account` VALUES ('1', '9567435.88', '674234.56', '66347.23', '2018-12-12 17:33:03');
INSERT INTO `account` VALUES ('1', '9567435.88', '74234.56', '66467.23', '2018-12-12 17:24:20');
INSERT INTO `account` VALUES ('1', '9567435.88', '74234.56', '56467.23', '2018-12-12 17:24:24');
INSERT INTO `account` VALUES ('1', '9567435.88', '4474234.56', '243467.23', '2018-12-12 17:24:27');
INSERT INTO `account` VALUES ('1', '6567435.88', '174234.56', '67.23', '2018-12-10 17:08:23');
INSERT INTO `account` VALUES ('1', '8567435.88', '3674234.56', '467.23', '2018-12-10 17:08:26');
INSERT INTO `account` VALUES ('1', '9567435.88', '674234.56', '66347.23', '2018-12-12 17:33:03');
INSERT INTO `account` VALUES ('1', '9567435.88', '74234.56', '66467.23', '2018-12-12 17:24:20');
INSERT INTO `account` VALUES ('1', '9567435.88', '74234.56', '56467.23', '2018-12-12 17:24:24');
INSERT INTO `account` VALUES ('1', '9567435.88', '4474234.56', '243467.23', '2018-12-12 17:24:27');
INSERT INTO `account` VALUES ('1', '6567435.88', '174234.56', '67.23', '2018-12-10 17:08:23');
INSERT INTO `account` VALUES ('1', '8567435.88', '3674234.56', '467.23', '2018-12-10 17:08:26');
INSERT INTO `account` VALUES ('1', '9567435.88', '674234.56', '66347.23', '2018-12-12 17:33:03');
INSERT INTO `account` VALUES ('1', '9567435.88', '74234.56', '66467.23', '2018-12-12 17:24:20');
INSERT INTO `account` VALUES ('1', '9567435.88', '74234.56', '56467.23', '2018-12-12 17:24:24');
INSERT INTO `account` VALUES ('1', '9567435.88', '4474234.56', '243467.23', '2018-12-12 17:24:27');
INSERT INTO `account` VALUES ('1', '6567435.88', '174234.56', '67.23', '2018-12-10 17:08:23');
INSERT INTO `account` VALUES ('1', '8567435.88', '3674234.56', '467.23', '2018-12-10 17:08:26');
INSERT INTO `account` VALUES ('1', '9567435.88', '674234.56', '66347.23', '2018-12-12 17:33:03');
INSERT INTO `account` VALUES ('1', '9567435.88', '74234.56', '66467.23', '2018-12-12 17:24:20');
INSERT INTO `account` VALUES ('1', '9567435.88', '74234.56', '56467.23', '2018-12-12 17:24:24');
INSERT INTO `account` VALUES ('1', '9567435.88', '4474234.56', '243467.23', '2018-12-12 17:24:27');
INSERT INTO `account` VALUES ('1', '6567435.88', '174234.56', '67.23', '2018-12-10 17:08:23');
INSERT INTO `account` VALUES ('1', '8567435.88', '3674234.56', '467.23', '2018-12-10 17:08:26');
INSERT INTO `account` VALUES ('1', '9567435.88', '674234.56', '66347.23', '2018-12-12 17:33:03');
INSERT INTO `account` VALUES ('1', '9567435.88', '74234.56', '66467.23', '2018-12-12 17:24:20');
INSERT INTO `account` VALUES ('1', '9567435.88', '74234.56', '56467.23', '2018-12-12 17:24:24');
INSERT INTO `account` VALUES ('1', '9567435.88', '4474234.56', '243467.23', '2018-12-12 17:24:27');
INSERT INTO `account` VALUES ('1', '6567435.88', '174234.56', '67.23', '2018-12-10 17:08:23');
INSERT INTO `account` VALUES ('1', '8567435.88', '3674234.56', '467.23', '2018-12-10 17:08:26');
INSERT INTO `account` VALUES ('1', '9567435.88', '674234.56', '66347.23', '2018-12-12 17:33:03');
INSERT INTO `account` VALUES ('1', '9567435.88', '74234.56', '66467.23', '2018-12-12 17:24:20');
INSERT INTO `account` VALUES ('1', '9567435.88', '74234.56', '56467.23', '2018-12-12 17:24:24');
INSERT INTO `account` VALUES ('1', '9567435.88', '4474234.56', '243467.23', '2018-12-12 17:24:27');
INSERT INTO `account` VALUES ('1', '6567435.88', '174234.56', '67.23', '2018-12-10 17:08:23');
INSERT INTO `account` VALUES ('1', '8567435.88', '3674234.56', '467.23', '2018-12-10 17:08:26');
INSERT INTO `account` VALUES ('1', '9567435.88', '674234.56', '66347.23', '2018-12-12 17:33:03');
INSERT INTO `account` VALUES ('1', '9567435.88', '74234.56', '66467.23', '2018-12-12 17:24:20');
INSERT INTO `account` VALUES ('1', '9567435.88', '74234.56', '56467.23', '2018-12-12 17:24:24');
INSERT INTO `account` VALUES ('1', '9567435.88', '4474234.56', '243467.23', '2018-12-12 17:24:27');
INSERT INTO `account` VALUES ('1', '6567435.88', '174234.56', '67.23', '2018-12-10 17:08:23');
INSERT INTO `account` VALUES ('1', '8567435.88', '3674234.56', '467.23', '2018-12-10 17:08:26');
INSERT INTO `account` VALUES ('1', '9567435.88', '674234.56', '66347.23', '2018-12-12 17:33:03');
INSERT INTO `account` VALUES ('1', '9567435.88', '74234.56', '66467.23', '2018-12-12 17:24:20');
INSERT INTO `account` VALUES ('1', '9567435.88', '74234.56', '56467.23', '2018-12-12 17:24:24');
INSERT INTO `account` VALUES ('1', '9567435.88', '4474234.56', '243467.23', '2018-12-12 17:24:27');
INSERT INTO `account` VALUES ('1', '6567435.88', '174234.56', '67.23', '2018-12-10 17:08:23');
INSERT INTO `account` VALUES ('1', '8567435.88', '3674234.56', '467.23', '2018-12-10 17:08:26');
INSERT INTO `account` VALUES ('1', '9567435.88', '674234.56', '66347.23', '2018-12-12 17:33:03');
INSERT INTO `account` VALUES ('1', '9567435.88', '74234.56', '66467.23', '2018-12-12 17:24:20');
INSERT INTO `account` VALUES ('1', '9567435.88', '74234.56', '56467.23', '2018-12-12 17:24:24');
INSERT INTO `account` VALUES ('1', '9567435.88', '4474234.56', '243467.23', '2018-12-12 17:24:27');
INSERT INTO `account` VALUES ('1', '6567435.88', '174234.56', '67.23', '2018-12-10 17:08:23');
INSERT INTO `account` VALUES ('1', '8567435.88', '3674234.56', '467.23', '2018-12-10 17:08:26');
INSERT INTO `account` VALUES ('1', '9567435.88', '674234.56', '66347.23', '2018-12-12 17:33:03');
INSERT INTO `account` VALUES ('1', '9567435.88', '74234.56', '66467.23', '2018-12-12 17:24:20');
INSERT INTO `account` VALUES ('1', '9567435.88', '74234.56', '56467.23', '2018-12-12 17:24:24');
INSERT INTO `account` VALUES ('1', '9567435.88', '4474234.56', '243467.23', '2018-12-12 17:24:27');
INSERT INTO `account` VALUES ('1', '6567435.88', '174234.56', '67.23', '2018-12-10 17:08:23');
INSERT INTO `account` VALUES ('1', '8567435.88', '3674234.56', '467.23', '2018-12-10 17:08:26');
INSERT INTO `account` VALUES ('1', '9567435.88', '674234.56', '66347.23', '2018-12-12 17:33:03');
INSERT INTO `account` VALUES ('1', '9567435.88', '74234.56', '66467.23', '2018-12-12 17:24:20');
INSERT INTO `account` VALUES ('1', '9567435.88', '74234.56', '56467.23', '2018-12-12 17:24:24');
INSERT INTO `account` VALUES ('1', '9567435.88', '4474234.56', '243467.23', '2018-12-12 17:24:27');
INSERT INTO `account` VALUES ('1', '6567435.88', '174234.56', '67.23', '2018-12-10 17:08:23');
INSERT INTO `account` VALUES ('1', '8567435.88', '3674234.56', '467.23', '2018-12-10 17:08:26');
INSERT INTO `account` VALUES ('1', '9567435.88', '674234.56', '66347.23', '2018-12-12 17:33:03');
INSERT INTO `account` VALUES ('1', '9567435.88', '74234.56', '66467.23', '2018-12-12 17:24:20');
INSERT INTO `account` VALUES ('1', '9567435.88', '74234.56', '56467.23', '2018-12-12 17:24:24');
INSERT INTO `account` VALUES ('1', '9567435.88', '4474234.56', '243467.23', '2018-12-12 17:24:27');
INSERT INTO `account` VALUES ('1', '6567435.88', '174234.56', '67.23', '2018-12-10 17:08:23');
INSERT INTO `account` VALUES ('1', '8567435.88', '3674234.56', '467.23', '2018-12-10 17:08:26');
INSERT INTO `account` VALUES ('1', '9567435.88', '674234.56', '66347.23', '2018-12-12 17:33:03');
INSERT INTO `account` VALUES ('1', '9567435.88', '74234.56', '66467.23', '2018-12-12 17:24:20');
INSERT INTO `account` VALUES ('1', '9567435.88', '74234.56', '56467.23', '2018-12-12 17:24:24');
INSERT INTO `account` VALUES ('1', '9567435.88', '4474234.56', '243467.23', '2018-12-12 17:24:27');
INSERT INTO `account` VALUES ('1', '6567435.88', '174234.56', '67.23', '2018-12-10 17:08:23');
INSERT INTO `account` VALUES ('1', '8567435.88', '3674234.56', '467.23', '2018-12-10 17:08:26');
INSERT INTO `account` VALUES ('1', '9567435.88', '674234.56', '66347.23', '2018-12-12 17:33:03');
INSERT INTO `account` VALUES ('1', '9567435.88', '74234.56', '66467.23', '2018-12-12 17:24:20');
INSERT INTO `account` VALUES ('1', '9567435.88', '74234.56', '56467.23', '2018-12-12 17:24:24');
INSERT INTO `account` VALUES ('1', '9567435.88', '4474234.56', '243467.23', '2018-12-12 17:24:27');
INSERT INTO `account` VALUES ('1', '6567435.88', '174234.56', '67.23', '2018-12-10 17:08:23');
INSERT INTO `account` VALUES ('1', '8567435.88', '3674234.56', '467.23', '2018-12-10 17:08:26');
INSERT INTO `account` VALUES ('1', '9567435.88', '674234.56', '66347.23', '2018-12-12 17:33:03');
INSERT INTO `account` VALUES ('1', '9567435.88', '74234.56', '66467.23', '2018-12-12 17:24:20');
INSERT INTO `account` VALUES ('1', '9567435.88', '74234.56', '56467.23', '2018-12-12 17:24:24');
INSERT INTO `account` VALUES ('1', '9567435.88', '4474234.56', '243467.23', '2018-12-12 17:24:27');
INSERT INTO `account` VALUES ('1', '6567435.88', '174234.56', '67.23', '2018-12-10 17:08:23');
INSERT INTO `account` VALUES ('1', '8567435.88', '3674234.56', '467.23', '2018-12-10 17:08:26');
INSERT INTO `account` VALUES ('1', '9567435.88', '674234.56', '66347.23', '2018-12-12 17:33:03');
INSERT INTO `account` VALUES ('1', '9567435.88', '74234.56', '66467.23', '2018-12-12 17:24:20');
INSERT INTO `account` VALUES ('1', '9567435.88', '74234.56', '56467.23', '2018-12-12 17:24:24');
INSERT INTO `account` VALUES ('1', '9567435.88', '4474234.56', '243467.23', '2018-12-12 17:24:27');
INSERT INTO `account` VALUES ('1', '6567435.88', '174234.56', '67.23', '2018-12-10 17:08:23');
INSERT INTO `account` VALUES ('1', '8567435.88', '3674234.56', '467.23', '2018-12-10 17:08:26');
INSERT INTO `account` VALUES ('1', '9567435.88', '674234.56', '66347.23', '2018-12-12 17:33:03');
INSERT INTO `account` VALUES ('1', '9567435.88', '74234.56', '66467.23', '2018-12-12 17:24:20');
INSERT INTO `account` VALUES ('1', '9567435.88', '74234.56', '56467.23', '2018-12-12 17:24:24');
INSERT INTO `account` VALUES ('1', '9567435.88', '4474234.56', '243467.23', '2018-12-12 17:24:27');
INSERT INTO `account` VALUES ('1', '6567435.88', '174234.56', '67.23', '2018-12-10 17:08:23');
INSERT INTO `account` VALUES ('1', '8567435.88', '3674234.56', '467.23', '2018-12-10 17:08:26');
INSERT INTO `account` VALUES ('1', '9567435.88', '674234.56', '66347.23', '2018-12-12 17:33:03');
INSERT INTO `account` VALUES ('1', '9567435.88', '74234.56', '66467.23', '2018-12-12 17:24:20');
INSERT INTO `account` VALUES ('1', '9567435.88', '74234.56', '56467.23', '2018-12-12 17:24:24');
INSERT INTO `account` VALUES ('1', '9567435.88', '4474234.56', '243467.23', '2018-12-12 17:24:27');
INSERT INTO `account` VALUES ('1', '6567435.88', '174234.56', '67.23', '2018-12-10 17:08:23');
INSERT INTO `account` VALUES ('1', '8567435.88', '3674234.56', '467.23', '2018-12-10 17:08:26');
INSERT INTO `account` VALUES ('1', '9567435.88', '674234.56', '66347.23', '2018-12-12 17:33:03');
INSERT INTO `account` VALUES ('1', '9567435.88', '74234.56', '66467.23', '2018-12-12 17:24:20');
INSERT INTO `account` VALUES ('1', '9567435.88', '74234.56', '56467.23', '2018-12-12 17:24:24');
INSERT INTO `account` VALUES ('1', '9567435.88', '4474234.56', '243467.23', '2018-12-12 17:24:27');
INSERT INTO `account` VALUES ('1', '6567435.88', '174234.56', '67.23', '2018-12-10 17:08:23');
INSERT INTO `account` VALUES ('1', '8567435.88', '3674234.56', '467.23', '2018-12-10 17:08:26');
INSERT INTO `account` VALUES ('1', '9567435.88', '674234.56', '66347.23', '2018-12-12 17:33:03');
INSERT INTO `account` VALUES ('1', '9567435.88', '74234.56', '66467.23', '2018-12-12 17:24:20');
INSERT INTO `account` VALUES ('1', '9567435.88', '74234.56', '56467.23', '2018-12-12 17:24:24');
INSERT INTO `account` VALUES ('1', '9567435.88', '4474234.56', '243467.23', '2018-12-12 17:24:27');
INSERT INTO `account` VALUES ('1', '6567435.88', '174234.56', '67.23', '2018-12-10 17:08:23');
INSERT INTO `account` VALUES ('1', '8567435.88', '3674234.56', '467.23', '2018-12-10 17:08:26');
INSERT INTO `account` VALUES ('1', '9567435.88', '674234.56', '66347.23', '2018-12-12 17:33:03');
INSERT INTO `account` VALUES ('1', '9567435.88', '74234.56', '66467.23', '2018-12-12 17:24:20');
INSERT INTO `account` VALUES ('1', '9567435.88', '74234.56', '56467.23', '2018-12-12 17:24:24');
INSERT INTO `account` VALUES ('1', '9567435.88', '4474234.56', '243467.23', '2018-12-12 17:24:27');
INSERT INTO `account` VALUES ('1', '6567435.88', '174234.56', '67.23', '2018-12-10 17:08:23');
INSERT INTO `account` VALUES ('1', '8567435.88', '3674234.56', '467.23', '2018-12-10 17:08:26');
INSERT INTO `account` VALUES ('1', '9567435.88', '674234.56', '66347.23', '2018-12-12 17:33:03');
INSERT INTO `account` VALUES ('1', '9567435.88', '74234.56', '66467.23', '2018-12-12 17:24:20');
INSERT INTO `account` VALUES ('1', '9567435.88', '74234.56', '56467.23', '2018-12-12 17:24:24');
INSERT INTO `account` VALUES ('1', '9567435.88', '4474234.56', '243467.23', '2018-12-12 17:24:27');
INSERT INTO `account` VALUES ('1', '6567435.88', '174234.56', '67.23', '2018-12-10 17:08:23');
INSERT INTO `account` VALUES ('1', '8567435.88', '3674234.56', '467.23', '2018-12-10 17:08:26');
INSERT INTO `account` VALUES ('1', '9567435.88', '674234.56', '66347.23', '2018-12-12 17:33:03');
INSERT INTO `account` VALUES ('1', '9567435.88', '74234.56', '66467.23', '2018-12-12 17:24:20');
INSERT INTO `account` VALUES ('1', '9567435.88', '74234.56', '56467.23', '2018-12-12 17:24:24');
INSERT INTO `account` VALUES ('1', '9567435.88', '4474234.56', '243467.23', '2018-12-12 17:24:27');
INSERT INTO `account` VALUES ('1', '6567435.88', '174234.56', '67.23', '2018-12-10 17:08:23');
INSERT INTO `account` VALUES ('1', '8567435.88', '3674234.56', '467.23', '2018-12-10 17:08:26');
INSERT INTO `account` VALUES ('1', '9567435.88', '674234.56', '66347.23', '2018-12-12 17:33:03');
INSERT INTO `account` VALUES ('1', '9567435.88', '74234.56', '66467.23', '2018-12-12 17:24:20');
INSERT INTO `account` VALUES ('1', '9567435.88', '74234.56', '56467.23', '2018-12-12 17:24:24');
INSERT INTO `account` VALUES ('1', '9567435.88', '4474234.56', '243467.23', '2018-12-12 17:24:27');
INSERT INTO `account` VALUES ('1', '6567435.88', '174234.56', '67.23', '2018-12-10 17:08:23');
INSERT INTO `account` VALUES ('1', '8567435.88', '3674234.56', '467.23', '2018-12-10 17:08:26');
INSERT INTO `account` VALUES ('1', '9567435.88', '674234.56', '66347.23', '2018-12-12 17:33:03');
INSERT INTO `account` VALUES ('1', '9567435.88', '74234.56', '66467.23', '2018-12-12 17:24:20');
INSERT INTO `account` VALUES ('1', '9567435.88', '74234.56', '56467.23', '2018-12-12 17:24:24');
INSERT INTO `account` VALUES ('1', '9567435.88', '4474234.56', '243467.23', '2018-12-12 17:24:27');
INSERT INTO `account` VALUES ('1', '6567435.88', '174234.56', '67.23', '2018-12-10 17:08:23');
INSERT INTO `account` VALUES ('1', '8567435.88', '3674234.56', '467.23', '2018-12-10 17:08:26');
INSERT INTO `account` VALUES ('1', '9567435.88', '674234.56', '66347.23', '2018-12-12 17:33:03');
INSERT INTO `account` VALUES ('1', '9567435.88', '74234.56', '66467.23', '2018-12-12 17:24:20');
INSERT INTO `account` VALUES ('1', '9567435.88', '74234.56', '56467.23', '2018-12-12 17:24:24');
INSERT INTO `account` VALUES ('1', '9567435.88', '4474234.56', '243467.23', '2018-12-12 17:24:27');
INSERT INTO `account` VALUES ('1', '6567435.88', '174234.56', '67.23', '2018-12-10 17:08:23');
INSERT INTO `account` VALUES ('1', '8567435.88', '3674234.56', '467.23', '2018-12-10 17:08:26');
INSERT INTO `account` VALUES ('1', '9567435.88', '674234.56', '66347.23', '2018-12-12 17:33:03');
INSERT INTO `account` VALUES ('1', '9567435.88', '74234.56', '66467.23', '2018-12-12 17:24:20');
INSERT INTO `account` VALUES ('1', '9567435.88', '74234.56', '56467.23', '2018-12-12 17:24:24');
INSERT INTO `account` VALUES ('1', '9567435.88', '4474234.56', '243467.23', '2018-12-12 17:24:27');
INSERT INTO `account` VALUES ('1', '6567435.88', '174234.56', '67.23', '2018-12-10 17:08:23');
INSERT INTO `account` VALUES ('1', '8567435.88', '3674234.56', '467.23', '2018-12-10 17:08:26');
INSERT INTO `account` VALUES ('1', '9567435.88', '674234.56', '66347.23', '2018-12-12 17:33:03');
INSERT INTO `account` VALUES ('1', '9567435.88', '74234.56', '66467.23', '2018-12-12 17:24:20');
INSERT INTO `account` VALUES ('1', '9567435.88', '74234.56', '56467.23', '2018-12-12 17:24:24');
INSERT INTO `account` VALUES ('1', '9567435.88', '4474234.56', '243467.23', '2018-12-12 17:24:27');
INSERT INTO `account` VALUES ('1', '6567435.88', '174234.56', '67.23', '2018-12-10 17:08:23');
INSERT INTO `account` VALUES ('1', '8567435.88', '3674234.56', '467.23', '2018-12-10 17:08:26');
INSERT INTO `account` VALUES ('1', '9567435.88', '674234.56', '66347.23', '2018-12-12 17:33:03');
INSERT INTO `account` VALUES ('1', '9567435.88', '74234.56', '66467.23', '2018-12-12 17:24:20');
INSERT INTO `account` VALUES ('1', '9567435.88', '74234.56', '56467.23', '2018-12-12 17:24:24');
INSERT INTO `account` VALUES ('1', '9567435.88', '4474234.56', '243467.23', '2018-12-12 17:24:27');
INSERT INTO `account` VALUES ('1', '6567435.88', '174234.56', '67.23', '2018-12-10 17:08:23');
INSERT INTO `account` VALUES ('1', '8567435.88', '3674234.56', '467.23', '2018-12-10 17:08:26');
INSERT INTO `account` VALUES ('1', '9567435.88', '674234.56', '66347.23', '2018-12-12 17:33:03');
INSERT INTO `account` VALUES ('1', '9567435.88', '74234.56', '66467.23', '2018-12-12 17:24:20');
INSERT INTO `account` VALUES ('1', '9567435.88', '74234.56', '56467.23', '2018-12-12 17:24:24');
INSERT INTO `account` VALUES ('1', '9567435.88', '4474234.56', '243467.23', '2018-12-12 17:24:27');
INSERT INTO `account` VALUES ('1', '6567435.88', '174234.56', '67.23', '2018-12-10 17:08:23');
INSERT INTO `account` VALUES ('1', '8567435.88', '3674234.56', '467.23', '2018-12-10 17:08:26');
INSERT INTO `account` VALUES ('1', '9567435.88', '674234.56', '66347.23', '2018-12-12 17:33:03');
INSERT INTO `account` VALUES ('1', '9567435.88', '74234.56', '66467.23', '2018-12-12 17:24:20');
INSERT INTO `account` VALUES ('1', '9567435.88', '74234.56', '56467.23', '2018-12-12 17:24:24');
INSERT INTO `account` VALUES ('1', '9567435.88', '4474234.56', '243467.23', '2018-12-12 17:24:27');
INSERT INTO `account` VALUES ('1', '6567435.88', '174234.56', '67.23', '2018-12-10 17:08:23');
INSERT INTO `account` VALUES ('1', '8567435.88', '3674234.56', '467.23', '2018-12-10 17:08:26');
INSERT INTO `account` VALUES ('1', '9567435.88', '674234.56', '66347.23', '2018-12-12 17:33:03');
INSERT INTO `account` VALUES ('1', '9567435.88', '74234.56', '66467.23', '2018-12-12 17:24:20');
INSERT INTO `account` VALUES ('1', '9567435.88', '74234.56', '56467.23', '2018-12-12 17:24:24');
INSERT INTO `account` VALUES ('1', '9567435.88', '4474234.56', '243467.23', '2018-12-12 17:24:27');
INSERT INTO `account` VALUES ('1', '6567435.88', '174234.56', '67.23', '2018-12-10 17:08:23');
INSERT INTO `account` VALUES ('1', '8567435.88', '3674234.56', '467.23', '2018-12-10 17:08:26');
INSERT INTO `account` VALUES ('1', '9567435.88', '674234.56', '66347.23', '2018-12-12 17:33:03');
INSERT INTO `account` VALUES ('1', '9567435.88', '74234.56', '66467.23', '2018-12-12 17:24:20');
INSERT INTO `account` VALUES ('1', '9567435.88', '74234.56', '56467.23', '2018-12-12 17:24:24');
INSERT INTO `account` VALUES ('1', '9567435.88', '4474234.56', '243467.23', '2018-12-12 17:24:27');
INSERT INTO `account` VALUES ('1', '6567435.88', '174234.56', '67.23', '2018-12-10 17:08:23');
INSERT INTO `account` VALUES ('1', '8567435.88', '3674234.56', '467.23', '2018-12-10 17:08:26');
INSERT INTO `account` VALUES ('1', '9567435.88', '674234.56', '66347.23', '2018-12-12 17:33:03');
INSERT INTO `account` VALUES ('1', '9567435.88', '74234.56', '66467.23', '2018-12-12 17:24:20');
INSERT INTO `account` VALUES ('1', '9567435.88', '74234.56', '56467.23', '2018-12-12 17:24:24');
INSERT INTO `account` VALUES ('1', '9567435.88', '4474234.56', '243467.23', '2018-12-12 17:24:27');
INSERT INTO `account` VALUES ('1', '6567435.88', '174234.56', '67.23', '2018-12-10 17:08:23');
INSERT INTO `account` VALUES ('1', '8567435.88', '3674234.56', '467.23', '2018-12-10 17:08:26');
INSERT INTO `account` VALUES ('1', '9567435.88', '674234.56', '66347.23', '2018-12-12 17:33:03');
INSERT INTO `account` VALUES ('1', '9567435.88', '74234.56', '66467.23', '2018-12-12 17:24:20');
INSERT INTO `account` VALUES ('1', '9567435.88', '74234.56', '56467.23', '2018-12-12 17:24:24');
INSERT INTO `account` VALUES ('1', '9567435.88', '4474234.56', '243467.23', '2018-12-12 17:24:27');
INSERT INTO `account` VALUES ('1', '6567435.88', '174234.56', '67.23', '2018-12-10 17:08:23');
INSERT INTO `account` VALUES ('1', '8567435.88', '3674234.56', '467.23', '2018-12-10 17:08:26');
INSERT INTO `account` VALUES ('1', '9567435.88', '674234.56', '66347.23', '2018-12-12 17:33:03');
INSERT INTO `account` VALUES ('1', '9567435.88', '74234.56', '66467.23', '2018-12-12 17:24:20');
INSERT INTO `account` VALUES ('1', '9567435.88', '74234.56', '56467.23', '2018-12-12 17:24:24');
INSERT INTO `account` VALUES ('1', '9567435.88', '4474234.56', '243467.23', '2018-12-12 17:24:27');
INSERT INTO `account` VALUES ('1', '6567435.88', '174234.56', '67.23', '2018-12-10 17:08:23');
INSERT INTO `account` VALUES ('1', '8567435.88', '3674234.56', '467.23', '2018-12-10 17:08:26');
INSERT INTO `account` VALUES ('1', '9567435.88', '674234.56', '66347.23', '2018-12-12 17:33:03');
INSERT INTO `account` VALUES ('1', '9567435.88', '74234.56', '66467.23', '2018-12-12 17:24:20');
INSERT INTO `account` VALUES ('1', '9567435.88', '74234.56', '56467.23', '2018-12-12 17:24:24');
INSERT INTO `account` VALUES ('1', '9567435.88', '4474234.56', '243467.23', '2018-12-12 17:24:27');
INSERT INTO `account` VALUES ('1', '6567435.88', '174234.56', '67.23', '2018-12-10 17:08:23');
INSERT INTO `account` VALUES ('1', '8567435.88', '3674234.56', '467.23', '2018-12-10 17:08:26');
INSERT INTO `account` VALUES ('1', '9567435.88', '674234.56', '66347.23', '2018-12-12 17:33:03');
INSERT INTO `account` VALUES ('1', '9567435.88', '74234.56', '66467.23', '2018-12-12 17:24:20');
INSERT INTO `account` VALUES ('1', '9567435.88', '74234.56', '56467.23', '2018-12-12 17:24:24');
INSERT INTO `account` VALUES ('1', '9567435.88', '4474234.56', '243467.23', '2018-12-12 17:24:27');
INSERT INTO `account` VALUES ('1', '6567435.88', '174234.56', '67.23', '2018-12-10 17:08:23');
INSERT INTO `account` VALUES ('1', '8567435.88', '3674234.56', '467.23', '2018-12-10 17:08:26');
INSERT INTO `account` VALUES ('1', '9567435.88', '674234.56', '66347.23', '2018-12-12 17:33:03');
INSERT INTO `account` VALUES ('1', '9567435.88', '74234.56', '66467.23', '2018-12-12 17:24:20');
INSERT INTO `account` VALUES ('1', '9567435.88', '74234.56', '56467.23', '2018-12-12 17:24:24');
INSERT INTO `account` VALUES ('1', '9567435.88', '4474234.56', '243467.23', '2018-12-12 17:24:27');
INSERT INTO `account` VALUES ('1', '6567435.88', '174234.56', '67.23', '2018-12-10 17:08:23');
INSERT INTO `account` VALUES ('1', '8567435.88', '3674234.56', '467.23', '2018-12-10 17:08:26');
INSERT INTO `account` VALUES ('1', '9567435.88', '674234.56', '66347.23', '2018-12-12 17:33:03');
INSERT INTO `account` VALUES ('1', '9567435.88', '74234.56', '66467.23', '2018-12-12 17:24:20');
INSERT INTO `account` VALUES ('1', '9567435.88', '74234.56', '56467.23', '2018-12-12 17:24:24');
INSERT INTO `account` VALUES ('1', '9567435.88', '4474234.56', '243467.23', '2018-12-12 17:24:27');
INSERT INTO `account` VALUES ('1', '6567435.88', '174234.56', '67.23', '2018-12-10 17:08:23');
INSERT INTO `account` VALUES ('1', '8567435.88', '3674234.56', '467.23', '2018-12-10 17:08:26');
INSERT INTO `account` VALUES ('1', '9567435.88', '674234.56', '66347.23', '2018-12-12 17:33:03');
INSERT INTO `account` VALUES ('1', '9567435.88', '74234.56', '66467.23', '2018-12-12 17:24:20');
INSERT INTO `account` VALUES ('1', '9567435.88', '74234.56', '56467.23', '2018-12-12 17:24:24');
INSERT INTO `account` VALUES ('1', '9567435.88', '4474234.56', '243467.23', '2018-12-12 17:24:27');
INSERT INTO `account` VALUES ('1', '6567435.88', '174234.56', '67.23', '2018-12-10 17:08:23');
INSERT INTO `account` VALUES ('1', '8567435.88', '3674234.56', '467.23', '2018-12-10 17:08:26');
INSERT INTO `account` VALUES ('1', '9567435.88', '674234.56', '66347.23', '2018-12-12 17:33:03');
INSERT INTO `account` VALUES ('1', '9567435.88', '74234.56', '66467.23', '2018-12-12 17:24:20');
INSERT INTO `account` VALUES ('1', '9567435.88', '74234.56', '56467.23', '2018-12-12 17:24:24');
INSERT INTO `account` VALUES ('1', '9567435.88', '4474234.56', '243467.23', '2018-12-12 17:24:27');
INSERT INTO `account` VALUES ('1', '6567435.88', '174234.56', '67.23', '2018-12-10 17:08:23');
INSERT INTO `account` VALUES ('1', '8567435.88', '3674234.56', '467.23', '2018-12-10 17:08:26');
INSERT INTO `account` VALUES ('1', '9567435.88', '674234.56', '66347.23', '2018-12-12 17:33:03');
INSERT INTO `account` VALUES ('1', '9567435.88', '74234.56', '66467.23', '2018-12-12 17:24:20');
INSERT INTO `account` VALUES ('1', '9567435.88', '74234.56', '56467.23', '2018-12-12 17:24:24');
INSERT INTO `account` VALUES ('1', '9567435.88', '4474234.56', '243467.23', '2018-12-12 17:24:27');
INSERT INTO `account` VALUES ('1', '6567435.88', '174234.56', '67.23', '2018-12-10 17:08:23');
INSERT INTO `account` VALUES ('1', '8567435.88', '3674234.56', '467.23', '2018-12-10 17:08:26');
INSERT INTO `account` VALUES ('1', '9567435.88', '674234.56', '66347.23', '2018-12-12 17:33:03');
INSERT INTO `account` VALUES ('1', '9567435.88', '74234.56', '66467.23', '2018-12-12 17:24:20');
INSERT INTO `account` VALUES ('1', '9567435.88', '74234.56', '56467.23', '2018-12-12 17:24:24');
INSERT INTO `account` VALUES ('1', '9567435.88', '4474234.56', '243467.23', '2018-12-12 17:24:27');
INSERT INTO `account` VALUES ('1', '6567435.88', '174234.56', '67.23', '2018-12-10 17:08:23');
INSERT INTO `account` VALUES ('1', '8567435.88', '3674234.56', '467.23', '2018-12-10 17:08:26');
INSERT INTO `account` VALUES ('1', '9567435.88', '674234.56', '66347.23', '2018-12-12 17:33:03');
INSERT INTO `account` VALUES ('1', '9567435.88', '74234.56', '66467.23', '2018-12-12 17:24:20');
INSERT INTO `account` VALUES ('1', '9567435.88', '74234.56', '56467.23', '2018-12-12 17:24:24');
INSERT INTO `account` VALUES ('1', '9567435.88', '4474234.56', '243467.23', '2018-12-12 17:24:27');
INSERT INTO `account` VALUES ('1', '6567435.88', '174234.56', '67.23', '2018-12-10 17:08:23');
INSERT INTO `account` VALUES ('1', '8567435.88', '3674234.56', '467.23', '2018-12-10 17:08:26');
INSERT INTO `account` VALUES ('1', '9567435.88', '674234.56', '66347.23', '2018-12-12 17:33:03');
INSERT INTO `account` VALUES ('1', '9567435.88', '74234.56', '66467.23', '2018-12-12 17:24:20');
INSERT INTO `account` VALUES ('1', '9567435.88', '74234.56', '56467.23', '2018-12-12 17:24:24');
INSERT INTO `account` VALUES ('1', '9567435.88', '4474234.56', '243467.23', '2018-12-12 17:24:27');
INSERT INTO `account` VALUES ('1', '6567435.88', '174234.56', '67.23', '2018-12-10 17:08:23');
INSERT INTO `account` VALUES ('1', '8567435.88', '3674234.56', '467.23', '2018-12-10 17:08:26');
INSERT INTO `account` VALUES ('1', '9567435.88', '674234.56', '66347.23', '2018-12-12 17:33:03');
INSERT INTO `account` VALUES ('1', '9567435.88', '74234.56', '66467.23', '2018-12-12 17:24:20');
INSERT INTO `account` VALUES ('1', '9567435.88', '74234.56', '56467.23', '2018-12-12 17:24:24');
INSERT INTO `account` VALUES ('1', '9567435.88', '4474234.56', '243467.23', '2018-12-12 17:24:27');
INSERT INTO `account` VALUES ('1', '6567435.88', '174234.56', '67.23', '2018-12-10 17:08:23');
INSERT INTO `account` VALUES ('1', '8567435.88', '3674234.56', '467.23', '2018-12-10 17:08:26');
INSERT INTO `account` VALUES ('1', '9567435.88', '674234.56', '66347.23', '2018-12-12 17:33:03');
INSERT INTO `account` VALUES ('1', '9567435.88', '74234.56', '66467.23', '2018-12-12 17:24:20');
INSERT INTO `account` VALUES ('1', '9567435.88', '74234.56', '56467.23', '2018-12-12 17:24:24');
INSERT INTO `account` VALUES ('1', '9567435.88', '4474234.56', '243467.23', '2018-12-12 17:24:27');
INSERT INTO `account` VALUES ('1', '6567435.88', '174234.56', '67.23', '2018-12-10 17:08:23');
INSERT INTO `account` VALUES ('1', '8567435.88', '3674234.56', '467.23', '2018-12-10 17:08:26');
INSERT INTO `account` VALUES ('1', '9567435.88', '674234.56', '66347.23', '2018-12-12 17:33:03');
INSERT INTO `account` VALUES ('1', '9567435.88', '74234.56', '66467.23', '2018-12-12 17:24:20');
INSERT INTO `account` VALUES ('1', '9567435.88', '74234.56', '56467.23', '2018-12-12 17:24:24');
INSERT INTO `account` VALUES ('1', '9567435.88', '4474234.56', '243467.23', '2018-12-12 17:24:27');
INSERT INTO `account` VALUES ('1', '6567435.88', '174234.56', '67.23', '2018-12-10 17:08:23');
INSERT INTO `account` VALUES ('1', '8567435.88', '3674234.56', '467.23', '2018-12-10 17:08:26');
INSERT INTO `account` VALUES ('1', '9567435.88', '674234.56', '66347.23', '2018-12-12 17:33:03');
INSERT INTO `account` VALUES ('1', '9567435.88', '74234.56', '66467.23', '2018-12-12 17:24:20');
INSERT INTO `account` VALUES ('1', '9567435.88', '74234.56', '56467.23', '2018-12-12 17:24:24');
INSERT INTO `account` VALUES ('1', '9567435.88', '4474234.56', '243467.23', '2018-12-12 17:24:27');
INSERT INTO `account` VALUES ('1', '6567435.88', '174234.56', '67.23', '2018-12-10 17:08:23');
INSERT INTO `account` VALUES ('1', '8567435.88', '3674234.56', '467.23', '2018-12-10 17:08:26');
INSERT INTO `account` VALUES ('1', '9567435.88', '674234.56', '66347.23', '2018-12-12 17:33:03');
INSERT INTO `account` VALUES ('1', '9567435.88', '74234.56', '66467.23', '2018-12-12 17:24:20');
INSERT INTO `account` VALUES ('1', '9567435.88', '74234.56', '56467.23', '2018-12-12 17:24:24');
INSERT INTO `account` VALUES ('1', '9567435.88', '4474234.56', '243467.23', '2018-12-12 17:24:27');
INSERT INTO `account` VALUES ('1', '6567435.88', '174234.56', '67.23', '2018-12-10 17:08:23');
INSERT INTO `account` VALUES ('1', '8567435.88', '3674234.56', '467.23', '2018-12-10 17:08:26');
INSERT INTO `account` VALUES ('1', '9567435.88', '674234.56', '66347.23', '2018-12-12 17:33:03');
INSERT INTO `account` VALUES ('1', '9567435.88', '74234.56', '66467.23', '2018-12-12 17:24:20');
INSERT INTO `account` VALUES ('1', '9567435.88', '74234.56', '56467.23', '2018-12-12 17:24:24');
INSERT INTO `account` VALUES ('1', '9567435.88', '4474234.56', '243467.23', '2018-12-12 17:24:27');
INSERT INTO `account` VALUES ('1', '6567435.88', '174234.56', '67.23', '2018-12-10 17:08:23');
INSERT INTO `account` VALUES ('1', '8567435.88', '3674234.56', '467.23', '2018-12-10 17:08:26');
INSERT INTO `account` VALUES ('1', '9567435.88', '674234.56', '66347.23', '2018-12-12 17:33:03');
INSERT INTO `account` VALUES ('1', '9567435.88', '74234.56', '66467.23', '2018-12-12 17:24:20');
INSERT INTO `account` VALUES ('1', '9567435.88', '74234.56', '56467.23', '2018-12-12 17:24:24');
INSERT INTO `account` VALUES ('1', '9567435.88', '4474234.56', '243467.23', '2018-12-12 17:24:27');
INSERT INTO `account` VALUES ('1', '6567435.88', '174234.56', '67.23', '2018-12-10 17:08:23');
INSERT INTO `account` VALUES ('1', '8567435.88', '3674234.56', '467.23', '2018-12-10 17:08:26');
INSERT INTO `account` VALUES ('1', '9567435.88', '674234.56', '66347.23', '2018-12-12 17:33:03');
INSERT INTO `account` VALUES ('1', '9567435.88', '74234.56', '66467.23', '2018-12-12 17:24:20');
INSERT INTO `account` VALUES ('1', '9567435.88', '74234.56', '56467.23', '2018-12-12 17:24:24');
INSERT INTO `account` VALUES ('1', '9567435.88', '4474234.56', '243467.23', '2018-12-12 17:24:27');
INSERT INTO `account` VALUES ('1', '6567435.88', '174234.56', '67.23', '2018-12-10 17:08:23');
INSERT INTO `account` VALUES ('1', '8567435.88', '3674234.56', '467.23', '2018-12-10 17:08:26');
INSERT INTO `account` VALUES ('1', '9567435.88', '674234.56', '66347.23', '2018-12-12 17:33:03');
INSERT INTO `account` VALUES ('1', '9567435.88', '74234.56', '66467.23', '2018-12-12 17:24:20');
INSERT INTO `account` VALUES ('1', '9567435.88', '74234.56', '56467.23', '2018-12-12 17:24:24');
INSERT INTO `account` VALUES ('1', '9567435.88', '4474234.56', '243467.23', '2018-12-12 17:24:27');
INSERT INTO `account` VALUES ('1', '6567435.88', '174234.56', '67.23', '2018-12-10 17:08:23');
INSERT INTO `account` VALUES ('1', '8567435.88', '3674234.56', '467.23', '2018-12-10 17:08:26');
INSERT INTO `account` VALUES ('1', '9567435.88', '674234.56', '66347.23', '2018-12-12 17:33:03');
INSERT INTO `account` VALUES ('1', '9567435.88', '74234.56', '66467.23', '2018-12-12 17:24:20');
INSERT INTO `account` VALUES ('1', '9567435.88', '74234.56', '56467.23', '2018-12-12 17:24:24');
INSERT INTO `account` VALUES ('1', '9567435.88', '4474234.56', '243467.23', '2018-12-12 17:24:27');
INSERT INTO `account` VALUES ('1', '6567435.88', '174234.56', '67.23', '2018-12-10 17:08:23');
INSERT INTO `account` VALUES ('1', '8567435.88', '3674234.56', '467.23', '2018-12-10 17:08:26');
INSERT INTO `account` VALUES ('1', '9567435.88', '674234.56', '66347.23', '2018-12-12 17:33:03');
INSERT INTO `account` VALUES ('1', '9567435.88', '74234.56', '66467.23', '2018-12-12 17:24:20');
INSERT INTO `account` VALUES ('1', '9567435.88', '74234.56', '56467.23', '2018-12-12 17:24:24');
INSERT INTO `account` VALUES ('1', '9567435.88', '4474234.56', '243467.23', '2018-12-12 17:24:27');
INSERT INTO `account` VALUES ('1', '6567435.88', '174234.56', '67.23', '2018-12-10 17:08:23');
INSERT INTO `account` VALUES ('1', '8567435.88', '3674234.56', '467.23', '2018-12-10 17:08:26');
INSERT INTO `account` VALUES ('1', '9567435.88', '674234.56', '66347.23', '2018-12-12 17:33:03');
INSERT INTO `account` VALUES ('1', '9567435.88', '74234.56', '66467.23', '2018-12-12 17:24:20');
INSERT INTO `account` VALUES ('1', '9567435.88', '74234.56', '56467.23', '2018-12-12 17:24:24');
INSERT INTO `account` VALUES ('1', '9567435.88', '4474234.56', '243467.23', '2018-12-12 17:24:27');
INSERT INTO `account` VALUES ('1', '6567435.88', '174234.56', '67.23', '2018-12-10 17:08:23');
INSERT INTO `account` VALUES ('1', '8567435.88', '3674234.56', '467.23', '2018-12-10 17:08:26');
INSERT INTO `account` VALUES ('1', '9567435.88', '674234.56', '66347.23', '2018-12-12 17:33:03');
INSERT INTO `account` VALUES ('1', '9567435.88', '74234.56', '66467.23', '2018-12-12 17:24:20');
INSERT INTO `account` VALUES ('1', '9567435.88', '74234.56', '56467.23', '2018-12-12 17:24:24');
INSERT INTO `account` VALUES ('1', '9567435.88', '4474234.56', '243467.23', '2018-12-12 17:24:27');
INSERT INTO `account` VALUES ('1', '6567435.88', '174234.56', '67.23', '2018-12-10 17:08:23');
INSERT INTO `account` VALUES ('1', '8567435.88', '3674234.56', '467.23', '2018-12-10 17:08:26');
INSERT INTO `account` VALUES ('1', '9567435.88', '674234.56', '66347.23', '2018-12-12 17:33:03');
INSERT INTO `account` VALUES ('1', '9567435.88', '74234.56', '66467.23', '2018-12-12 17:24:20');
INSERT INTO `account` VALUES ('1', '9567435.88', '74234.56', '56467.23', '2018-12-12 17:24:24');
INSERT INTO `account` VALUES ('1', '9567435.88', '4474234.56', '243467.23', '2018-12-12 17:24:27');
INSERT INTO `account` VALUES ('1', '6567435.88', '174234.56', '67.23', '2018-12-10 17:08:23');
INSERT INTO `account` VALUES ('1', '8567435.88', '3674234.56', '467.23', '2018-12-10 17:08:26');
INSERT INTO `account` VALUES ('1', '9567435.88', '674234.56', '66347.23', '2018-12-12 17:33:03');
INSERT INTO `account` VALUES ('1', '9567435.88', '74234.56', '66467.23', '2018-12-12 17:24:20');
INSERT INTO `account` VALUES ('1', '9567435.88', '74234.56', '56467.23', '2018-12-12 17:24:24');
INSERT INTO `account` VALUES ('1', '9567435.88', '4474234.56', '243467.23', '2018-12-12 17:24:27');
INSERT INTO `account` VALUES ('1', '6567435.88', '174234.56', '67.23', '2018-12-10 17:08:23');
INSERT INTO `account` VALUES ('1', '8567435.88', '3674234.56', '467.23', '2018-12-10 17:08:26');
INSERT INTO `account` VALUES ('1', '9567435.88', '674234.56', '66347.23', '2018-12-12 17:33:03');
INSERT INTO `account` VALUES ('1', '9567435.88', '74234.56', '66467.23', '2018-12-12 17:24:20');
INSERT INTO `account` VALUES ('1', '9567435.88', '74234.56', '56467.23', '2018-12-12 17:24:24');
INSERT INTO `account` VALUES ('1', '9567435.88', '4474234.56', '243467.23', '2018-12-12 17:24:27');
INSERT INTO `account` VALUES ('1', '6567435.88', '174234.56', '67.23', '2018-12-10 17:08:23');
INSERT INTO `account` VALUES ('1', '8567435.88', '3674234.56', '467.23', '2018-12-10 17:08:26');
INSERT INTO `account` VALUES ('1', '9567435.88', '674234.56', '66347.23', '2018-12-12 17:33:03');
INSERT INTO `account` VALUES ('1', '9567435.88', '74234.56', '66467.23', '2018-12-12 17:24:20');
INSERT INTO `account` VALUES ('1', '9567435.88', '74234.56', '56467.23', '2018-12-12 17:24:24');
INSERT INTO `account` VALUES ('1', '9567435.88', '4474234.56', '243467.23', '2018-12-12 17:24:27');
INSERT INTO `account` VALUES ('1', '6567435.88', '174234.56', '67.23', '2018-12-10 17:08:23');
INSERT INTO `account` VALUES ('1', '8567435.88', '3674234.56', '467.23', '2018-12-10 17:08:26');
INSERT INTO `account` VALUES ('1', '9567435.88', '674234.56', '66347.23', '2018-12-12 17:33:03');
INSERT INTO `account` VALUES ('1', '9567435.88', '74234.56', '66467.23', '2018-12-12 17:24:20');
INSERT INTO `account` VALUES ('1', '9567435.88', '74234.56', '56467.23', '2018-12-12 17:24:24');
INSERT INTO `account` VALUES ('1', '9567435.88', '4474234.56', '243467.23', '2018-12-12 17:24:27');
INSERT INTO `account` VALUES ('1', '6567435.88', '174234.56', '67.23', '2018-12-10 17:08:23');
INSERT INTO `account` VALUES ('1', '8567435.88', '3674234.56', '467.23', '2018-12-10 17:08:26');
INSERT INTO `account` VALUES ('1', '9567435.88', '674234.56', '66347.23', '2018-12-12 17:33:03');
INSERT INTO `account` VALUES ('1', '9567435.88', '74234.56', '66467.23', '2018-12-12 17:24:20');
INSERT INTO `account` VALUES ('1', '9567435.88', '74234.56', '56467.23', '2018-12-12 17:24:24');
INSERT INTO `account` VALUES ('1', '9567435.88', '4474234.56', '243467.23', '2018-12-12 17:24:27');
INSERT INTO `account` VALUES ('1', '6567435.88', '174234.56', '67.23', '2018-12-10 17:08:23');
INSERT INTO `account` VALUES ('1', '8567435.88', '3674234.56', '467.23', '2018-12-10 17:08:26');
INSERT INTO `account` VALUES ('1', '9567435.88', '674234.56', '66347.23', '2018-12-12 17:33:03');
INSERT INTO `account` VALUES ('1', '9567435.88', '74234.56', '66467.23', '2018-12-12 17:24:20');
INSERT INTO `account` VALUES ('1', '9567435.88', '74234.56', '56467.23', '2018-12-12 17:24:24');
INSERT INTO `account` VALUES ('1', '9567435.88', '4474234.56', '243467.23', '2018-12-12 17:24:27');
INSERT INTO `account` VALUES ('1', '6567435.88', '174234.56', '67.23', '2018-12-10 17:08:23');
INSERT INTO `account` VALUES ('1', '8567435.88', '3674234.56', '467.23', '2018-12-10 17:08:26');
INSERT INTO `account` VALUES ('1', '9567435.88', '674234.56', '66347.23', '2018-12-12 17:33:03');
INSERT INTO `account` VALUES ('1', '9567435.88', '74234.56', '66467.23', '2018-12-12 17:24:20');
INSERT INTO `account` VALUES ('1', '9567435.88', '74234.56', '56467.23', '2018-12-12 17:24:24');
INSERT INTO `account` VALUES ('1', '9567435.88', '4474234.56', '243467.23', '2018-12-12 17:24:27');
INSERT INTO `account` VALUES ('1', '6567435.88', '174234.56', '67.23', '2018-12-10 17:08:23');
INSERT INTO `account` VALUES ('1', '8567435.88', '3674234.56', '467.23', '2018-12-10 17:08:26');
INSERT INTO `account` VALUES ('1', '9567435.88', '674234.56', '66347.23', '2018-12-12 17:33:03');
INSERT INTO `account` VALUES ('1', '9567435.88', '74234.56', '66467.23', '2018-12-12 17:24:20');
INSERT INTO `account` VALUES ('1', '9567435.88', '74234.56', '56467.23', '2018-12-12 17:24:24');
INSERT INTO `account` VALUES ('1', '9567435.88', '4474234.56', '243467.23', '2018-12-12 17:24:27');
INSERT INTO `account` VALUES ('1', '6567435.88', '174234.56', '67.23', '2018-12-10 17:08:23');
INSERT INTO `account` VALUES ('1', '8567435.88', '3674234.56', '467.23', '2018-12-10 17:08:26');
INSERT INTO `account` VALUES ('1', '9567435.88', '674234.56', '66347.23', '2018-12-12 17:33:03');
INSERT INTO `account` VALUES ('1', '9567435.88', '74234.56', '66467.23', '2018-12-12 17:24:20');
INSERT INTO `account` VALUES ('1', '9567435.88', '74234.56', '56467.23', '2018-12-12 17:24:24');
INSERT INTO `account` VALUES ('1', '9567435.88', '4474234.56', '243467.23', '2018-12-12 17:24:27');
INSERT INTO `account` VALUES ('1', '6567435.88', '174234.56', '67.23', '2018-12-10 17:08:23');
INSERT INTO `account` VALUES ('1', '8567435.88', '3674234.56', '467.23', '2018-12-10 17:08:26');
INSERT INTO `account` VALUES ('1', '9567435.88', '674234.56', '66347.23', '2018-12-12 17:33:03');
INSERT INTO `account` VALUES ('1', '9567435.88', '74234.56', '66467.23', '2018-12-12 17:24:20');
INSERT INTO `account` VALUES ('1', '9567435.88', '74234.56', '56467.23', '2018-12-12 17:24:24');
INSERT INTO `account` VALUES ('1', '9567435.88', '4474234.56', '243467.23', '2018-12-12 17:24:27');
INSERT INTO `account` VALUES ('1', '6567435.88', '174234.56', '67.23', '2018-12-10 17:08:23');
INSERT INTO `account` VALUES ('1', '8567435.88', '3674234.56', '467.23', '2018-12-10 17:08:26');
INSERT INTO `account` VALUES ('1', '9567435.88', '674234.56', '66347.23', '2018-12-12 17:33:03');
INSERT INTO `account` VALUES ('1', '9567435.88', '74234.56', '66467.23', '2018-12-12 17:24:20');
INSERT INTO `account` VALUES ('1', '9567435.88', '74234.56', '56467.23', '2018-12-12 17:24:24');
INSERT INTO `account` VALUES ('1', '9567435.88', '4474234.56', '243467.23', '2018-12-12 17:24:27');
INSERT INTO `account` VALUES ('1', '6567435.88', '174234.56', '67.23', '2018-12-10 17:08:23');
INSERT INTO `account` VALUES ('1', '8567435.88', '3674234.56', '467.23', '2018-12-10 17:08:26');
INSERT INTO `account` VALUES ('1', '9567435.88', '674234.56', '66347.23', '2018-12-12 17:33:03');
INSERT INTO `account` VALUES ('1', '9567435.88', '74234.56', '66467.23', '2018-12-12 17:24:20');
INSERT INTO `account` VALUES ('1', '9567435.88', '74234.56', '56467.23', '2018-12-12 17:24:24');
INSERT INTO `account` VALUES ('1', '9567435.88', '4474234.56', '243467.23', '2018-12-12 17:24:27');
INSERT INTO `account` VALUES ('1', '6567435.88', '174234.56', '67.23', '2018-12-10 17:08:23');
INSERT INTO `account` VALUES ('1', '8567435.88', '3674234.56', '467.23', '2018-12-10 17:08:26');
INSERT INTO `account` VALUES ('1', '9567435.88', '674234.56', '66347.23', '2018-12-12 17:33:03');
INSERT INTO `account` VALUES ('1', '9567435.88', '74234.56', '66467.23', '2018-12-12 17:24:20');
INSERT INTO `account` VALUES ('1', '9567435.88', '74234.56', '56467.23', '2018-12-12 17:24:24');
INSERT INTO `account` VALUES ('1', '9567435.88', '4474234.56', '243467.23', '2018-12-12 17:24:27');
INSERT INTO `account` VALUES ('1', '6567435.88', '174234.56', '67.23', '2018-12-10 17:08:23');
INSERT INTO `account` VALUES ('1', '8567435.88', '3674234.56', '467.23', '2018-12-10 17:08:26');
INSERT INTO `account` VALUES ('1', '9567435.88', '674234.56', '66347.23', '2018-12-12 17:33:03');
INSERT INTO `account` VALUES ('1', '9567435.88', '74234.56', '66467.23', '2018-12-12 17:24:20');
INSERT INTO `account` VALUES ('1', '9567435.88', '74234.56', '56467.23', '2018-12-12 17:24:24');
INSERT INTO `account` VALUES ('1', '9567435.88', '4474234.56', '243467.23', '2018-12-12 17:24:27');
INSERT INTO `account` VALUES ('1', '6567435.88', '174234.56', '67.23', '2018-12-10 17:08:23');
INSERT INTO `account` VALUES ('1', '8567435.88', '3674234.56', '467.23', '2018-12-10 17:08:26');
INSERT INTO `account` VALUES ('1', '9567435.88', '674234.56', '66347.23', '2018-12-12 17:33:03');
INSERT INTO `account` VALUES ('1', '9567435.88', '74234.56', '66467.23', '2018-12-12 17:24:20');
INSERT INTO `account` VALUES ('1', '9567435.88', '74234.56', '56467.23', '2018-12-12 17:24:24');
INSERT INTO `account` VALUES ('1', '9567435.88', '4474234.56', '243467.23', '2018-12-12 17:24:27');
INSERT INTO `account` VALUES ('1', '6567435.88', '174234.56', '67.23', '2018-12-10 17:08:23');
INSERT INTO `account` VALUES ('1', '8567435.88', '3674234.56', '467.23', '2018-12-10 17:08:26');
INSERT INTO `account` VALUES ('1', '9567435.88', '674234.56', '66347.23', '2018-12-12 17:33:03');
INSERT INTO `account` VALUES ('1', '9567435.88', '74234.56', '66467.23', '2018-12-12 17:24:20');
INSERT INTO `account` VALUES ('1', '9567435.88', '74234.56', '56467.23', '2018-12-12 17:24:24');
INSERT INTO `account` VALUES ('1', '9567435.88', '4474234.56', '243467.23', '2018-12-12 17:24:27');
INSERT INTO `account` VALUES ('1', '6567435.88', '174234.56', '67.23', '2018-12-10 17:08:23');
INSERT INTO `account` VALUES ('1', '8567435.88', '3674234.56', '467.23', '2018-12-10 17:08:26');
INSERT INTO `account` VALUES ('1', '9567435.88', '674234.56', '66347.23', '2018-12-12 17:33:03');
INSERT INTO `account` VALUES ('1', '9567435.88', '74234.56', '66467.23', '2018-12-12 17:24:20');
INSERT INTO `account` VALUES ('1', '9567435.88', '74234.56', '56467.23', '2018-12-12 17:24:24');
INSERT INTO `account` VALUES ('1', '9567435.88', '4474234.56', '243467.23', '2018-12-12 17:24:27');
INSERT INTO `account` VALUES ('1', '6567435.88', '174234.56', '67.23', '2018-12-10 17:08:23');
INSERT INTO `account` VALUES ('1', '8567435.88', '3674234.56', '467.23', '2018-12-10 17:08:26');
INSERT INTO `account` VALUES ('1', '9567435.88', '674234.56', '66347.23', '2018-12-12 17:33:03');
INSERT INTO `account` VALUES ('1', '9567435.88', '74234.56', '66467.23', '2018-12-12 17:24:20');
INSERT INTO `account` VALUES ('1', '9567435.88', '74234.56', '56467.23', '2018-12-12 17:24:24');
INSERT INTO `account` VALUES ('1', '9567435.88', '4474234.56', '243467.23', '2018-12-12 17:24:27');
INSERT INTO `account` VALUES ('1', '6567435.88', '174234.56', '67.23', '2018-12-10 17:08:23');
INSERT INTO `account` VALUES ('1', '8567435.88', '3674234.56', '467.23', '2018-12-10 17:08:26');
INSERT INTO `account` VALUES ('1', '9567435.88', '674234.56', '66347.23', '2018-12-12 17:33:03');
INSERT INTO `account` VALUES ('1', '9567435.88', '74234.56', '66467.23', '2018-12-12 17:24:20');
INSERT INTO `account` VALUES ('1', '9567435.88', '74234.56', '56467.23', '2018-12-12 17:24:24');
INSERT INTO `account` VALUES ('1', '9567435.88', '4474234.56', '243467.23', '2018-12-12 17:24:27');
INSERT INTO `account` VALUES ('1', '6567435.88', '174234.56', '67.23', '2018-12-10 17:08:23');
INSERT INTO `account` VALUES ('1', '8567435.88', '3674234.56', '467.23', '2018-12-10 17:08:26');
INSERT INTO `account` VALUES ('1', '9567435.88', '674234.56', '66347.23', '2018-12-12 17:33:03');
INSERT INTO `account` VALUES ('1', '9567435.88', '74234.56', '66467.23', '2018-12-12 17:24:20');
INSERT INTO `account` VALUES ('1', '9567435.88', '74234.56', '56467.23', '2018-12-12 17:24:24');
INSERT INTO `account` VALUES ('1', '9567435.88', '4474234.56', '243467.23', '2018-12-12 17:24:27');
INSERT INTO `account` VALUES ('1', '6567435.88', '174234.56', '67.23', '2018-12-10 17:08:23');
INSERT INTO `account` VALUES ('1', '8567435.88', '3674234.56', '467.23', '2018-12-10 17:08:26');
INSERT INTO `account` VALUES ('1', '9567435.88', '674234.56', '66347.23', '2018-12-12 17:33:03');
INSERT INTO `account` VALUES ('1', '9567435.88', '74234.56', '66467.23', '2018-12-12 17:24:20');
INSERT INTO `account` VALUES ('1', '9567435.88', '74234.56', '56467.23', '2018-12-12 17:24:24');
INSERT INTO `account` VALUES ('1', '9567435.88', '4474234.56', '243467.23', '2018-12-12 17:24:27');
INSERT INTO `account` VALUES ('1', '6567435.88', '174234.56', '67.23', '2018-12-10 17:08:23');
INSERT INTO `account` VALUES ('1', '8567435.88', '3674234.56', '467.23', '2018-12-10 17:08:26');
INSERT INTO `account` VALUES ('1', '9567435.88', '674234.56', '66347.23', '2018-12-12 17:33:03');
INSERT INTO `account` VALUES ('1', '9567435.88', '74234.56', '66467.23', '2018-12-12 17:24:20');
INSERT INTO `account` VALUES ('1', '9567435.88', '74234.56', '56467.23', '2018-12-12 17:24:24');
INSERT INTO `account` VALUES ('1', '9567435.88', '4474234.56', '243467.23', '2018-12-12 17:24:27');
INSERT INTO `account` VALUES ('1', '6567435.88', '174234.56', '67.23', '2018-12-10 17:08:23');
INSERT INTO `account` VALUES ('1', '8567435.88', '3674234.56', '467.23', '2018-12-10 17:08:26');
INSERT INTO `account` VALUES ('1', '9567435.88', '674234.56', '66347.23', '2018-12-12 17:33:03');
INSERT INTO `account` VALUES ('1', '9567435.88', '74234.56', '66467.23', '2018-12-12 17:24:20');
INSERT INTO `account` VALUES ('1', '9567435.88', '74234.56', '56467.23', '2018-12-12 17:24:24');
INSERT INTO `account` VALUES ('1', '9567435.88', '4474234.56', '243467.23', '2018-12-12 17:24:27');
INSERT INTO `account` VALUES ('1', '6567435.88', '174234.56', '67.23', '2018-12-10 17:08:23');
INSERT INTO `account` VALUES ('1', '8567435.88', '3674234.56', '467.23', '2018-12-10 17:08:26');
INSERT INTO `account` VALUES ('1', '9567435.88', '674234.56', '66347.23', '2018-12-12 17:33:03');
INSERT INTO `account` VALUES ('1', '9567435.88', '74234.56', '66467.23', '2018-12-12 17:24:20');
INSERT INTO `account` VALUES ('1', '9567435.88', '74234.56', '56467.23', '2018-12-12 17:24:24');
INSERT INTO `account` VALUES ('1', '9567435.88', '4474234.56', '243467.23', '2018-12-12 17:24:27');
INSERT INTO `account` VALUES ('1', '6567435.88', '174234.56', '67.23', '2018-12-10 17:08:23');
INSERT INTO `account` VALUES ('1', '8567435.88', '3674234.56', '467.23', '2018-12-10 17:08:26');
INSERT INTO `account` VALUES ('1', '9567435.88', '674234.56', '66347.23', '2018-12-12 17:33:03');
INSERT INTO `account` VALUES ('1', '9567435.88', '74234.56', '66467.23', '2018-12-12 17:24:20');
INSERT INTO `account` VALUES ('1', '9567435.88', '74234.56', '56467.23', '2018-12-12 17:24:24');
INSERT INTO `account` VALUES ('1', '9567435.88', '4474234.56', '243467.23', '2018-12-12 17:24:27');
INSERT INTO `account` VALUES ('1', '6567435.88', '174234.56', '67.23', '2018-12-10 17:08:23');
INSERT INTO `account` VALUES ('1', '8567435.88', '3674234.56', '467.23', '2018-12-10 17:08:26');
INSERT INTO `account` VALUES ('1', '9567435.88', '674234.56', '66347.23', '2018-12-12 17:33:03');
INSERT INTO `account` VALUES ('1', '9567435.88', '74234.56', '66467.23', '2018-12-12 17:24:20');
INSERT INTO `account` VALUES ('1', '9567435.88', '74234.56', '56467.23', '2018-12-12 17:24:24');
INSERT INTO `account` VALUES ('1', '9567435.88', '4474234.56', '243467.23', '2018-12-12 17:24:27');
INSERT INTO `account` VALUES ('1', '6567435.88', '174234.56', '67.23', '2018-12-10 17:08:23');
INSERT INTO `account` VALUES ('1', '8567435.88', '3674234.56', '467.23', '2018-12-10 17:08:26');
INSERT INTO `account` VALUES ('1', '9567435.88', '674234.56', '66347.23', '2018-12-12 17:33:03');
INSERT INTO `account` VALUES ('1', '9567435.88', '74234.56', '66467.23', '2018-12-12 17:24:20');
INSERT INTO `account` VALUES ('1', '9567435.88', '74234.56', '56467.23', '2018-12-12 17:24:24');
INSERT INTO `account` VALUES ('1', '9567435.88', '4474234.56', '243467.23', '2018-12-12 17:24:27');
INSERT INTO `account` VALUES ('1', '6567435.88', '174234.56', '67.23', '2018-12-10 17:08:23');
INSERT INTO `account` VALUES ('1', '8567435.88', '3674234.56', '467.23', '2018-12-10 17:08:26');
INSERT INTO `account` VALUES ('1', '9567435.88', '674234.56', '66347.23', '2018-12-12 17:33:03');
INSERT INTO `account` VALUES ('1', '9567435.88', '74234.56', '66467.23', '2018-12-12 17:24:20');
INSERT INTO `account` VALUES ('1', '9567435.88', '74234.56', '56467.23', '2018-12-12 17:24:24');
INSERT INTO `account` VALUES ('1', '9567435.88', '4474234.56', '243467.23', '2018-12-12 17:24:27');
INSERT INTO `account` VALUES ('1', '6567435.88', '174234.56', '67.23', '2018-12-10 17:08:23');
INSERT INTO `account` VALUES ('1', '8567435.88', '3674234.56', '467.23', '2018-12-10 17:08:26');
INSERT INTO `account` VALUES ('1', '9567435.88', '674234.56', '66347.23', '2018-12-12 17:33:03');
INSERT INTO `account` VALUES ('1', '9567435.88', '74234.56', '66467.23', '2018-12-12 17:24:20');
INSERT INTO `account` VALUES ('1', '9567435.88', '74234.56', '56467.23', '2018-12-12 17:24:24');
INSERT INTO `account` VALUES ('1', '9567435.88', '4474234.56', '243467.23', '2018-12-12 17:24:27');
INSERT INTO `account` VALUES ('1', '6567435.88', '174234.56', '67.23', '2018-12-10 17:08:23');
INSERT INTO `account` VALUES ('1', '8567435.88', '3674234.56', '467.23', '2018-12-10 17:08:26');
INSERT INTO `account` VALUES ('1', '9567435.88', '674234.56', '66347.23', '2018-12-12 17:33:03');
INSERT INTO `account` VALUES ('1', '9567435.88', '74234.56', '66467.23', '2018-12-12 17:24:20');
INSERT INTO `account` VALUES ('1', '9567435.88', '74234.56', '56467.23', '2018-12-12 17:24:24');
INSERT INTO `account` VALUES ('1', '9567435.88', '4474234.56', '243467.23', '2018-12-12 17:24:27');
INSERT INTO `account` VALUES ('1', '6567435.88', '174234.56', '67.23', '2018-12-10 17:08:23');
INSERT INTO `account` VALUES ('1', '8567435.88', '3674234.56', '467.23', '2018-12-10 17:08:26');
INSERT INTO `account` VALUES ('1', '9567435.88', '674234.56', '66347.23', '2018-12-12 17:33:03');
INSERT INTO `account` VALUES ('1', '9567435.88', '74234.56', '66467.23', '2018-12-12 17:24:20');
INSERT INTO `account` VALUES ('1', '9567435.88', '74234.56', '56467.23', '2018-12-12 17:24:24');
INSERT INTO `account` VALUES ('1', '9567435.88', '4474234.56', '243467.23', '2018-12-12 17:24:27');
INSERT INTO `account` VALUES ('1', '6567435.88', '174234.56', '67.23', '2018-12-10 17:08:23');
INSERT INTO `account` VALUES ('1', '8567435.88', '3674234.56', '467.23', '2018-12-10 17:08:26');
INSERT INTO `account` VALUES ('1', '9567435.88', '674234.56', '66347.23', '2018-12-12 17:33:03');
INSERT INTO `account` VALUES ('1', '9567435.88', '74234.56', '66467.23', '2018-12-12 17:24:20');
INSERT INTO `account` VALUES ('1', '9567435.88', '74234.56', '56467.23', '2018-12-12 17:24:24');
INSERT INTO `account` VALUES ('1', '9567435.88', '4474234.56', '243467.23', '2018-12-12 17:24:27');
INSERT INTO `account` VALUES ('1', '6567435.88', '174234.56', '67.23', '2018-12-10 17:08:23');
INSERT INTO `account` VALUES ('1', '8567435.88', '3674234.56', '467.23', '2018-12-10 17:08:26');
INSERT INTO `account` VALUES ('1', '9567435.88', '674234.56', '66347.23', '2018-12-12 17:33:03');
INSERT INTO `account` VALUES ('1', '9567435.88', '74234.56', '66467.23', '2018-12-12 17:24:20');
INSERT INTO `account` VALUES ('1', '9567435.88', '74234.56', '56467.23', '2018-12-12 17:24:24');
INSERT INTO `account` VALUES ('1', '9567435.88', '4474234.56', '243467.23', '2018-12-12 17:24:27');
INSERT INTO `account` VALUES ('1', '6567435.88', '174234.56', '67.23', '2018-12-10 17:08:23');
INSERT INTO `account` VALUES ('1', '8567435.88', '3674234.56', '467.23', '2018-12-10 17:08:26');
INSERT INTO `account` VALUES ('1', '9567435.88', '674234.56', '66347.23', '2018-12-12 17:33:03');
INSERT INTO `account` VALUES ('1', '9567435.88', '74234.56', '66467.23', '2018-12-12 17:24:20');
INSERT INTO `account` VALUES ('1', '9567435.88', '74234.56', '56467.23', '2018-12-12 17:24:24');
INSERT INTO `account` VALUES ('1', '9567435.88', '4474234.56', '243467.23', '2018-12-12 17:24:27');
INSERT INTO `account` VALUES ('1', '6567435.88', '174234.56', '67.23', '2018-12-10 17:08:23');
INSERT INTO `account` VALUES ('1', '8567435.88', '3674234.56', '467.23', '2018-12-10 17:08:26');
INSERT INTO `account` VALUES ('1', '9567435.88', '674234.56', '66347.23', '2018-12-12 17:33:03');
INSERT INTO `account` VALUES ('1', '9567435.88', '74234.56', '66467.23', '2018-12-12 17:24:20');
INSERT INTO `account` VALUES ('1', '9567435.88', '74234.56', '56467.23', '2018-12-12 17:24:24');
INSERT INTO `account` VALUES ('1', '9567435.88', '4474234.56', '243467.23', '2018-12-12 17:24:27');
INSERT INTO `account` VALUES ('1', '6567435.88', '174234.56', '67.23', '2018-12-10 17:08:23');
INSERT INTO `account` VALUES ('1', '8567435.88', '3674234.56', '467.23', '2018-12-10 17:08:26');
INSERT INTO `account` VALUES ('1', '9567435.88', '674234.56', '66347.23', '2018-12-12 17:33:03');
INSERT INTO `account` VALUES ('1', '9567435.88', '74234.56', '66467.23', '2018-12-12 17:24:20');
INSERT INTO `account` VALUES ('1', '9567435.88', '74234.56', '56467.23', '2018-12-12 17:24:24');
INSERT INTO `account` VALUES ('1', '9567435.88', '4474234.56', '243467.23', '2018-12-12 17:24:27');
INSERT INTO `account` VALUES ('1', '6567435.88', '174234.56', '67.23', '2018-12-10 17:08:23');
INSERT INTO `account` VALUES ('1', '8567435.88', '3674234.56', '467.23', '2018-12-10 17:08:26');
INSERT INTO `account` VALUES ('1', '9567435.88', '674234.56', '66347.23', '2018-12-12 17:33:03');
INSERT INTO `account` VALUES ('1', '9567435.88', '74234.56', '66467.23', '2018-12-12 17:24:20');
INSERT INTO `account` VALUES ('1', '9567435.88', '74234.56', '56467.23', '2018-12-12 17:24:24');
INSERT INTO `account` VALUES ('1', '9567435.88', '4474234.56', '243467.23', '2018-12-12 17:24:27');
INSERT INTO `account` VALUES ('1', '6567435.88', '174234.56', '67.23', '2018-12-10 17:08:23');
INSERT INTO `account` VALUES ('1', '8567435.88', '3674234.56', '467.23', '2018-12-10 17:08:26');
INSERT INTO `account` VALUES ('1', '9567435.88', '674234.56', '66347.23', '2018-12-12 17:33:03');
INSERT INTO `account` VALUES ('1', '9567435.88', '74234.56', '66467.23', '2018-12-12 17:24:20');
INSERT INTO `account` VALUES ('1', '9567435.88', '74234.56', '56467.23', '2018-12-12 17:24:24');
INSERT INTO `account` VALUES ('1', '9567435.88', '4474234.56', '243467.23', '2018-12-12 17:24:27');
INSERT INTO `account` VALUES ('1', '6567435.88', '174234.56', '67.23', '2018-12-10 17:08:23');
INSERT INTO `account` VALUES ('1', '8567435.88', '3674234.56', '467.23', '2018-12-10 17:08:26');
INSERT INTO `account` VALUES ('1', '9567435.88', '674234.56', '66347.23', '2018-12-12 17:33:03');
INSERT INTO `account` VALUES ('1', '9567435.88', '74234.56', '66467.23', '2018-12-12 17:24:20');
INSERT INTO `account` VALUES ('1', '9567435.88', '74234.56', '56467.23', '2018-12-12 17:24:24');
INSERT INTO `account` VALUES ('1', '9567435.88', '4474234.56', '243467.23', '2018-12-12 17:24:27');
INSERT INTO `account` VALUES ('1', '6567435.88', '174234.56', '67.23', '2018-12-10 17:08:23');
INSERT INTO `account` VALUES ('1', '8567435.88', '3674234.56', '467.23', '2018-12-10 17:08:26');
INSERT INTO `account` VALUES ('1', '9567435.88', '674234.56', '66347.23', '2018-12-12 17:33:03');
INSERT INTO `account` VALUES ('1', '9567435.88', '74234.56', '66467.23', '2018-12-12 17:24:20');
INSERT INTO `account` VALUES ('1', '9567435.88', '74234.56', '56467.23', '2018-12-12 17:24:24');
INSERT INTO `account` VALUES ('1', '9567435.88', '4474234.56', '243467.23', '2018-12-12 17:24:27');
INSERT INTO `account` VALUES ('1', '6567435.88', '174234.56', '67.23', '2018-12-10 17:08:23');
INSERT INTO `account` VALUES ('1', '8567435.88', '3674234.56', '467.23', '2018-12-10 17:08:26');
INSERT INTO `account` VALUES ('1', '9567435.88', '674234.56', '66347.23', '2018-12-12 17:33:03');
INSERT INTO `account` VALUES ('1', '9567435.88', '74234.56', '66467.23', '2018-12-12 17:24:20');
INSERT INTO `account` VALUES ('1', '9567435.88', '74234.56', '56467.23', '2018-12-12 17:24:24');
INSERT INTO `account` VALUES ('1', '9567435.88', '4474234.56', '243467.23', '2018-12-12 17:24:27');
INSERT INTO `account` VALUES ('1', '6567435.88', '174234.56', '67.23', '2018-12-10 17:08:23');
INSERT INTO `account` VALUES ('1', '8567435.88', '3674234.56', '467.23', '2018-12-10 17:08:26');
INSERT INTO `account` VALUES ('1', '9567435.88', '674234.56', '66347.23', '2018-12-12 17:33:03');
INSERT INTO `account` VALUES ('1', '9567435.88', '74234.56', '66467.23', '2018-12-12 17:24:20');
INSERT INTO `account` VALUES ('1', '9567435.88', '74234.56', '56467.23', '2018-12-12 17:24:24');
INSERT INTO `account` VALUES ('1', '9567435.88', '4474234.56', '243467.23', '2018-12-12 17:24:27');
INSERT INTO `account` VALUES ('1', '6567435.88', '174234.56', '67.23', '2018-12-10 17:08:23');
INSERT INTO `account` VALUES ('1', '8567435.88', '3674234.56', '467.23', '2018-12-10 17:08:26');
INSERT INTO `account` VALUES ('1', '9567435.88', '674234.56', '66347.23', '2018-12-12 17:33:03');
INSERT INTO `account` VALUES ('1', '9567435.88', '74234.56', '66467.23', '2018-12-12 17:24:20');
INSERT INTO `account` VALUES ('1', '9567435.88', '74234.56', '56467.23', '2018-12-12 17:24:24');
INSERT INTO `account` VALUES ('1', '9567435.88', '4474234.56', '243467.23', '2018-12-12 17:24:27');
INSERT INTO `account` VALUES ('1', '6567435.88', '174234.56', '67.23', '2018-12-10 17:08:23');
INSERT INTO `account` VALUES ('1', '8567435.88', '3674234.56', '467.23', '2018-12-10 17:08:26');
INSERT INTO `account` VALUES ('1', '9567435.88', '674234.56', '66347.23', '2018-12-12 17:33:03');
INSERT INTO `account` VALUES ('1', '9567435.88', '74234.56', '66467.23', '2018-12-12 17:24:20');
INSERT INTO `account` VALUES ('1', '9567435.88', '74234.56', '56467.23', '2018-12-12 17:24:24');
INSERT INTO `account` VALUES ('1', '9567435.88', '4474234.56', '243467.23', '2018-12-12 17:24:27');
INSERT INTO `account` VALUES ('1', '6567435.88', '174234.56', '67.23', '2018-12-10 17:08:23');
INSERT INTO `account` VALUES ('1', '8567435.88', '3674234.56', '467.23', '2018-12-10 17:08:26');
INSERT INTO `account` VALUES ('1', '9567435.88', '674234.56', '66347.23', '2018-12-12 17:33:03');
INSERT INTO `account` VALUES ('1', '9567435.88', '74234.56', '66467.23', '2018-12-12 17:24:20');
INSERT INTO `account` VALUES ('1', '9567435.88', '74234.56', '56467.23', '2018-12-12 17:24:24');
INSERT INTO `account` VALUES ('1', '9567435.88', '4474234.56', '243467.23', '2018-12-12 17:24:27');
INSERT INTO `account` VALUES ('1', '6567435.88', '174234.56', '67.23', '2018-12-10 17:08:23');
INSERT INTO `account` VALUES ('1', '8567435.88', '3674234.56', '467.23', '2018-12-10 17:08:26');
INSERT INTO `account` VALUES ('1', '9567435.88', '674234.56', '66347.23', '2018-12-12 17:33:03');
INSERT INTO `account` VALUES ('1', '9567435.88', '74234.56', '66467.23', '2018-12-12 17:24:20');
INSERT INTO `account` VALUES ('1', '9567435.88', '74234.56', '56467.23', '2018-12-12 17:24:24');
INSERT INTO `account` VALUES ('1', '9567435.88', '4474234.56', '243467.23', '2018-12-12 17:24:27');
INSERT INTO `account` VALUES ('1', '6567435.88', '174234.56', '67.23', '2018-12-10 17:08:23');
INSERT INTO `account` VALUES ('1', '8567435.88', '3674234.56', '467.23', '2018-12-10 17:08:26');
INSERT INTO `account` VALUES ('1', '9567435.88', '674234.56', '66347.23', '2018-12-12 17:33:03');
INSERT INTO `account` VALUES ('1', '9567435.88', '74234.56', '66467.23', '2018-12-12 17:24:20');
INSERT INTO `account` VALUES ('1', '9567435.88', '74234.56', '56467.23', '2018-12-12 17:24:24');
INSERT INTO `account` VALUES ('1', '9567435.88', '4474234.56', '243467.23', '2018-12-12 17:24:27');
INSERT INTO `account` VALUES ('1', '6567435.88', '174234.56', '67.23', '2018-12-10 17:08:23');
INSERT INTO `account` VALUES ('1', '8567435.88', '3674234.56', '467.23', '2018-12-10 17:08:26');
INSERT INTO `account` VALUES ('1', '9567435.88', '674234.56', '66347.23', '2018-12-12 17:33:03');
INSERT INTO `account` VALUES ('1', '9567435.88', '74234.56', '66467.23', '2018-12-12 17:24:20');
INSERT INTO `account` VALUES ('1', '9567435.88', '74234.56', '56467.23', '2018-12-12 17:24:24');
INSERT INTO `account` VALUES ('1', '9567435.88', '4474234.56', '243467.23', '2018-12-12 17:24:27');
INSERT INTO `account` VALUES ('1', '6567435.88', '174234.56', '67.23', '2018-12-10 17:08:23');
INSERT INTO `account` VALUES ('1', '8567435.88', '3674234.56', '467.23', '2018-12-10 17:08:26');
INSERT INTO `account` VALUES ('1', '9567435.88', '674234.56', '66347.23', '2018-12-12 17:33:03');
INSERT INTO `account` VALUES ('1', '9567435.88', '74234.56', '66467.23', '2018-12-12 17:24:20');
INSERT INTO `account` VALUES ('1', '9567435.88', '74234.56', '56467.23', '2018-12-12 17:24:24');
INSERT INTO `account` VALUES ('1', '9567435.88', '4474234.56', '243467.23', '2018-12-12 17:24:27');
INSERT INTO `account` VALUES ('1', '6567435.88', '174234.56', '67.23', '2018-12-10 17:08:23');
INSERT INTO `account` VALUES ('1', '8567435.88', '3674234.56', '467.23', '2018-12-10 17:08:26');
INSERT INTO `account` VALUES ('1', '9567435.88', '674234.56', '66347.23', '2018-12-12 17:33:03');
INSERT INTO `account` VALUES ('1', '9567435.88', '74234.56', '66467.23', '2018-12-12 17:24:20');
INSERT INTO `account` VALUES ('1', '9567435.88', '74234.56', '56467.23', '2018-12-12 17:24:24');
INSERT INTO `account` VALUES ('1', '9567435.88', '4474234.56', '243467.23', '2018-12-12 17:24:27');
INSERT INTO `account` VALUES ('1', '6567435.88', '174234.56', '67.23', '2018-12-10 17:08:23');
INSERT INTO `account` VALUES ('1', '8567435.88', '3674234.56', '467.23', '2018-12-10 17:08:26');
INSERT INTO `account` VALUES ('1', '9567435.88', '674234.56', '66347.23', '2018-12-12 17:33:03');
INSERT INTO `account` VALUES ('1', '9567435.88', '74234.56', '66467.23', '2018-12-12 17:24:20');
INSERT INTO `account` VALUES ('1', '9567435.88', '74234.56', '56467.23', '2018-12-12 17:24:24');
INSERT INTO `account` VALUES ('1', '9567435.88', '4474234.56', '243467.23', '2018-12-12 17:24:27');
INSERT INTO `account` VALUES ('1', '6567435.88', '174234.56', '67.23', '2018-12-10 17:08:23');
INSERT INTO `account` VALUES ('1', '8567435.88', '3674234.56', '467.23', '2018-12-10 17:08:26');
INSERT INTO `account` VALUES ('1', '9567435.88', '674234.56', '66347.23', '2018-12-12 17:33:03');
INSERT INTO `account` VALUES ('1', '9567435.88', '74234.56', '66467.23', '2018-12-12 17:24:20');
INSERT INTO `account` VALUES ('1', '9567435.88', '74234.56', '56467.23', '2018-12-12 17:24:24');
INSERT INTO `account` VALUES ('1', '9567435.88', '4474234.56', '243467.23', '2018-12-12 17:24:27');
INSERT INTO `account` VALUES ('1', '6567435.88', '174234.56', '67.23', '2018-12-10 17:08:23');
INSERT INTO `account` VALUES ('1', '8567435.88', '3674234.56', '467.23', '2018-12-10 17:08:26');

-- ----------------------------
-- Table structure for comments
-- ----------------------------
DROP TABLE IF EXISTS `comments`;
CREATE TABLE `comments` (
  `cid` int(11) NOT NULL AUTO_INCREMENT,
  `cnid` int(11) NOT NULL,
  `ccontent` varchar(3000) COLLATE utf8_unicode_ci NOT NULL,
  `cdate` datetime NOT NULL,
  `cip` varchar(100) COLLATE utf8_unicode_ci NOT NULL,
  `cauthor` varchar(100) COLLATE utf8_unicode_ci DEFAULT NULL,
  `uid` int(11) DEFAULT NULL,
  `uuid` int(11) DEFAULT NULL,
  PRIMARY KEY (`cid`),
  KEY `CIN_NID` (`cnid`),
  KEY `CID_UID` (`uid`),
  KEY `CIN_UUID` (`uuid`),
  CONSTRAINT `CID_UID` FOREIGN KEY (`uid`) REFERENCES `news_users` (`uid`),
  CONSTRAINT `CIN_NID` FOREIGN KEY (`cnid`) REFERENCES `news` (`nid`),
  CONSTRAINT `CIN_UUID` FOREIGN KEY (`uuid`) REFERENCES `news_users` (`uid`)
) ENGINE=InnoDB AUTO_INCREMENT=64 DEFAULT CHARSET=utf8 COLLATE=utf8_unicode_ci;

-- ----------------------------
-- Records of comments
-- ----------------------------
INSERT INTO `comments` VALUES ('4', '48', '', '2010-08-10 13:43:53', '127.0.0.1', '', '1', '3');
INSERT INTO `comments` VALUES ('5', '48', '', '2010-08-10 15:49:52', '127.0.0.1', '', '1', '2');
INSERT INTO `comments` VALUES ('11', '82', ' admin', '2009-11-23 03:57:58', '127.0.0.1', 'admin', '2', '3');
INSERT INTO `comments` VALUES ('13', '81', '', '2010-03-30 03:00:55', '10.0.0.35', '', '2', '3');
INSERT INTO `comments` VALUES ('14', '86', '~', '2010-09-30 01:55:38', '127.0.0.1', 'admin', '1', '2');
INSERT INTO `comments` VALUES ('15', '73', '', '2010-10-08 13:43:53', '127.0.0.1', '', '1', '2');
INSERT INTO `comments` VALUES ('16', '108', '', '2010-08-10 15:49:52', '127.0.0.1', '', '2', '3');
INSERT INTO `comments` VALUES ('17', '108', '', '2010-10-13 14:24:02', '127.0.0.1', '', '2', '3');
INSERT INTO `comments` VALUES ('19', '108', '', '2010-10-13 14:35:42', '127.0.0.1', '', '1', '1');
INSERT INTO `comments` VALUES ('23', '165', 'abc', '2013-05-30 15:11:35', '127.0.0.1', '', '3', '2');
INSERT INTO `comments` VALUES ('32', '170', '', '2013-06-08 10:57:57', '127.0.0.1', '', '3', '1');
INSERT INTO `comments` VALUES ('48', '170', '', '2013-10-28 16:32:44', '127.0.0.1', 'admin', '3', '2');
INSERT INTO `comments` VALUES ('49', '108', '', '2010-10-13 14:26:58', '127.0.0.1', '', '3', '2');
INSERT INTO `comments` VALUES ('50', '48', 'wwwwwwwwwwwwwwwwwwwww', '2018-11-12 17:30:02', '192.168.123.192', null, '2', '3');
INSERT INTO `comments` VALUES ('51', '48', 'ssss', '2018-11-12 17:30:07', '192.168.123.192', null, '2', '3');
INSERT INTO `comments` VALUES ('52', '48', 'rtrtrtrt', '2018-11-12 17:31:31', '192.168.123.192', null, '2', '3');
INSERT INTO `comments` VALUES ('53', '48', '232323', '2018-11-12 17:34:01', '192.168.123.192', null, '2', '3');
INSERT INTO `comments` VALUES ('57', '48', 'rtrtr', '2018-11-12 17:53:49', '192.168.123.192', null, '2', '2');
INSERT INTO `comments` VALUES ('58', '48', 'dggdgdg', '2018-11-12 17:58:08', '192.168.123.192', null, '1', '3');
INSERT INTO `comments` VALUES ('59', '48', 'tt', '2018-11-12 18:05:04', '192.168.123.192', null, '2', '2');
INSERT INTO `comments` VALUES ('60', '49', 'tt', '2018-11-12 18:05:12', '192.168.123.192', null, '3', '2');
INSERT INTO `comments` VALUES ('61', '48', 'er', '2018-11-12 18:09:11', '192.168.123.192', null, '3', '2');
INSERT INTO `comments` VALUES ('62', '49', 'ii', '2018-11-12 18:15:44', '192.168.123.192', null, '2', '2');
INSERT INTO `comments` VALUES ('63', '48', 'tryrtyr', '2018-11-12 18:24:05', '192.168.123.192', null, null, '2');

-- ----------------------------
-- Table structure for news
-- ----------------------------
DROP TABLE IF EXISTS `news`;
CREATE TABLE `news` (
  `nid` int(11) NOT NULL AUTO_INCREMENT,
  `ntid` int(11) NOT NULL,
  `ntitle` varchar(500) COLLATE utf8_unicode_ci NOT NULL,
  `nauthor` varchar(50) COLLATE utf8_unicode_ci NOT NULL,
  `ncreateDate` datetime DEFAULT NULL,
  `npicPath` varchar(255) COLLATE utf8_unicode_ci DEFAULT NULL,
  `ncontent` text COLLATE utf8_unicode_ci NOT NULL,
  `nmodifyDate` datetime DEFAULT NULL,
  `nsummary` varchar(4000) COLLATE utf8_unicode_ci NOT NULL,
  PRIMARY KEY (`nid`),
  KEY `NEWS_TOPIC` (`ntid`),
  CONSTRAINT `NEWS_TOPIC` FOREIGN KEY (`ntid`) REFERENCES `topic` (`tid`)
) ENGINE=InnoDB AUTO_INCREMENT=202 DEFAULT CHARSET=utf8 COLLATE=utf8_unicode_ci;

-- ----------------------------
-- Records of news
-- ----------------------------
INSERT INTO `news` VALUES ('48', '1', '', 'news                                              ', '2009-10-28 10:46:39', 'upload2009102810463912.JPG', '  \r\n\r\n 2020\r\n\r\n\r\n6.5  2425\r\n\r\n\r\n()\r\n\r\n\r\n\r\n\r\n\r\n \r\n\r\n4817\r\n2810\r\n\r\n\r\n33\r\n38\r\n\r\n\r\n\r\n\r\n\r\n\r\n\r\n\r\n1\r\n\r\n3\r\n\r\n\r\n    \r\n    \r\n    \r\n', '2009-10-28 10:46:39', '');
INSERT INTO `news` VALUES ('49', '1', '4', 'news                                              ', '2009-10-28 10:47:12', null, '102744 929.5%9.2 917.7%\r\n9 33.4%6.4 50%81.1400 2712622782472010.3 200  8518/1.6/669 1.3185050 50.5%\r\n44 44  4 98.675.1939.4%  54.3%24.1%1.5\r\n4  \r\n', '2009-10-28 10:47:12', '4');
INSERT INTO `news` VALUES ('50', '2', '', 'out                                               ', '2009-10-28 10:47:48', null, ' 1026\r\n  \r\n\r\n\r\n\r\n\r\n 1026\r\n\r\n\r\n\r\n', '2009-10-28 10:47:48', '');
INSERT INTO `news` VALUES ('51', '5', ' ', 'pastime                                           ', '2009-10-28 10:49:48', 'upload2009102810494881.JPG', '\r\n 10285050\r\n-(Arnold Schwarzenegger)\r\nFX(Lawman)--\r\n22%14%8% DVD6%1436\r\n120\r\n', '2009-10-28 10:49:48', ' ');
INSERT INTO `news` VALUES ('52', '5', ' ', 'pastime                                           ', '2009-10-28 10:50:21', null, ' 1027\r\n\r\n60  1516  \r\n   86  \r\n', '2009-10-28 10:50:21', ' ');
INSERT INTO `news` VALUES ('53', '5', ' ', 'pastime                                           ', '2009-10-28 10:51:12', null, ' 1028\r\n 791027  ()() \r\n30180   \r\n', '2009-10-28 10:51:12', ' ');
INSERT INTO `news` VALUES ('55', '5', '2 ', 'pastime                                           ', '2009-10-28 10:52:01', null, ' ()22\r\n22\r\n\r\n', '2009-10-28 10:52:01', '2 ');
INSERT INTO `news` VALUES ('56', '4', ' ', 'sport                                             ', '2009-10-28 10:52:26', null, '1028- - \r\n10  \r\n \r\n\r\n\r\n \r\n', '2009-10-28 10:52:26', ' ');
INSERT INTO `news` VALUES ('57', '1', '2', 'news                                              ', '2009-10-28 10:53:44', 'upload2009102810534470.JPG', '10271024\r\n1024   \r\n 227 3\r\n1015  \r\n  \r\n', '2009-10-28 10:53:44', '2');
INSERT INTO `news` VALUES ('58', '2', '', 'out                                               ', '2009-10-28 10:54:15', null, '1027 27\r\n459\r\n\r\n\r\n1718\r\n91114\r\n', '2009-10-28 10:54:15', '');
INSERT INTO `news` VALUES ('59', '2', '30', 'out                                               ', '2009-10-28 10:54:54', null, '1027 2730\r\n\r\n\r\n21  \r\n110020 15005\r\n', '2009-10-28 10:54:54', '30');
INSERT INTO `news` VALUES ('60', '2', '', 'out                                               ', '2009-10-28 10:55:14', null, '1027261\r\n\r\n\r\n25155500\r\n', '2009-10-28 10:55:14', '');
INSERT INTO `news` VALUES ('61', '2', '8', 'out                                               ', '2009-10-28 10:55:38', null, '1027 2781\r\n\r\n20263113\r\n20092744442001\r\n', '2009-10-28 10:55:38', '8');
INSERT INTO `news` VALUES ('62', '5', ' ()', 'pastime                                           ', '2009-10-28 10:56:43', 'upload2009102810564344.JPG', '\r\n 1028-(Brad Pitt)(Wormy/)\r\n', '2009-10-28 10:56:43', ' ()');
INSERT INTO `news` VALUES ('63', '4', ' ', 'sport                                             ', '2009-10-28 10:57:11', null, '1028\r\n\r\n\r\n6\r\n\r\nNBA35\r\n\r\n27133.4\r\n15.34.31997\r\n34 94626 \r\n', '2009-10-28 10:57:11', ' ');
INSERT INTO `news` VALUES ('64', '4', ' ', 'sport                                             ', '2009-10-28 10:57:49', null, '102742009-10NBA\r\n\r\n11\r\n - \r\n  \r\n\r\nNBA\r\n', '2009-10-28 10:57:49', ' ');
INSERT INTO `news` VALUES ('65', '4', ' ', 'sport                                             ', '2009-10-28 10:58:11', null, '1027-\r\nNBA2009-10\r\n- - \r\n  \r\n\r\n----640\r\n', '2009-10-28 10:58:11', ' ');
INSERT INTO `news` VALUES ('66', '4', ' ', 'sport                                             ', '2009-10-28 10:58:36', null, '1027610--\r\n545342 -  610\r\n---- 610&#8226;- \r\n8\r\n', '2009-10-28 10:58:36', ' ');
INSERT INTO `news` VALUES ('67', '4', ' PK', 'sport                                             ', '2009-10-28 10:59:07', null, '\r\nNBANBA\r\nNBANBA NBANBA \r\n\r\nNBA NBA\r\nNBA NBA \r\n -  \r\n10NBA- \r\n  --  \r\n-NBANBA2040  8.97  \r\n', '2009-10-28 10:59:07', ' PK');
INSERT INTO `news` VALUES ('68', '2', '18', 'out                                               ', '2009-10-28 10:59:38', null, ' ()27\r\n24\r\n24501836\r\n', '2009-10-28 10:59:38', '18');
INSERT INTO `news` VALUES ('69', '2', '', 'out                                               ', '2009-10-28 11:00:02', null, '27\r\n&#8226;36\r\n910  \r\n &#8226; \r\n\r\n  \r\n', '2009-10-28 11:00:02', '');
INSERT INTO `news` VALUES ('70', '1', '', 'news                                              ', '2009-10-28 11:00:25', null, '268\r\n\r\n\r\n\r\n 10847 \r\n\r\n26\r\n', '2009-10-28 11:00:25', '');
INSERT INTO `news` VALUES ('71', '1', '', 'news                                              ', '2009-10-28 11:00:45', null, '\r\n\r\n\r\n', '2009-10-28 11:00:45', '');
INSERT INTO `news` VALUES ('73', '1', '', 'news                                              ', '2009-10-28 12:55:07', null, ' \r\n    187675515701861 33248 2006www.gatzs.com.cn\r\n', '2009-10-28 12:55:07', '');
INSERT INTO `news` VALUES ('74', '2', ' ', 'out                                               ', '2009-10-28 12:56:24', 'upload2009102812562482.JPG', '          ', '2009-10-28 12:56:24', ' ');
INSERT INTO `news` VALUES ('75', '2', '', 'news                                              ', '2009-10-28 12:56:51', null, ' \r\n     \r\n     \r\n    \r\n\r\n \r\n5()()1029115 \r\n', '2009-10-28 12:56:51', '');
INSERT INTO `news` VALUES ('76', '7', '', 'news                                              ', '2009-10-28 12:57:18', null, '								    224%743930190/ \r\n    1070/80/  9304% 221029 115 \r\n     \r\n    4000.3/ \r\n    224%80/ \r\n    80 80130  \r\n    \r\n\r\n							', '2009-10-28 12:57:18', '								\r\n							');
INSERT INTO `news` VALUES ('77', '1', ' ', 'news                                              ', '2009-10-28 12:58:20', 'upload200910281258209.JPG', '     , \r\n\r\n \r\n      , \r\n      \r\n     \r\n     \r\n     \r\n      \r\n', '2009-10-28 12:58:20', ' ');
INSERT INTO `news` VALUES ('78', '2', ' ', 'out                                               ', '2009-10-28 12:58:42', null, '\r\n     20071085% 15%\r\n      9 \r\n      \r\n', '2009-10-28 12:58:42', ' ');
INSERT INTO `news` VALUES ('80', '1', ' ', 'news                                              ', '2009-10-28 01:00:11', null, '20\r\n19832004\r\n Gary LockeRon KirkTom Vilsack\r\n  \r\n\r\n7nylon\r\n\r\n 26  \r\n', '2009-10-28 01:00:11', ' ');
INSERT INTO `news` VALUES ('81', '2', ' ', '                                                  ', '2009-10-28 01:00:37', null, '2100\r\n1930\r\n 18 15001930711000\r\n25202\r\n210080\r\n\r\n\r\n\r\n\r\n\r\n', '2009-10-28 01:00:37', ' \r\n71\r\n');
INSERT INTO `news` VALUES ('82', '4', ' ', 'sport                                             ', '2009-10-28 01:01:47', null, '1027\r\n  \r\n  \r\n28  1114 \r\n1028\r\n', '2009-10-28 01:01:47', ' ');
INSERT INTO `news` VALUES ('83', '4', ' :!', 'sport                                             ', '2009-10-28 01:02:17', null, '10271031\r\n15:20 \r\n\r\n27()18\r\n3150  \r\n1520  \r\n\r\n16:30 \r\n300   \r\n4  \r\n  \r\n19:00\r\n7  \r\n  \r\n  \r\n22:00 \r\n22  \r\n40 \r\n\r\n1995A31  \r\n401996\r\n\r\n23:00 \r\n\r\n  \r\n\r\nMIXZ4 \r\n\r\n\r\n2310\r\n', '2009-10-28 01:02:17', ' :!');
INSERT INTO `news` VALUES ('84', '4', ' ', 'sport                                             ', '2009-10-28 01:02:56', null, ' \r\n2007 07 30 \r\n\r\n  \r\n()\r\n29\r\n  \r\n\r\n', '2009-10-28 01:02:56', ' ');
INSERT INTO `news` VALUES ('85', '4', '500 :', 'sport                                             ', '2009-10-28 01:03:19', null, ' 90  500\r\n   200500\r\n1000 605 100140500 ()() 22\r\n   \r\n', '2009-10-28 01:03:19', '500 :');
INSERT INTO `news` VALUES ('86', '4', ' ', 'sport                                             ', '2009-10-28 01:03:51', null, '954 \r\n12\r\n\r\n1216\r\n \r\n\r\n () \r\n', '2009-10-28 01:03:51', ' ');
INSERT INTO `news` VALUES ('108', '28', '', '                                          ', '2010-10-01 16:17:32', null, '', '2010-10-01 16:17:32', ',,,,,,,');
INSERT INTO `news` VALUES ('164', '29', '', '                                        ', '2010-10-01 16:27:14', null, '', '2010-10-01 16:27:14', ',90,80,');
INSERT INTO `news` VALUES ('165', '29', '', '                                          ', '2010-10-03 14:46:19', null, '', '2010-10-03 14:46:19', ',UFO,,');
INSERT INTO `news` VALUES ('167', '1', '', ' ', '2013-06-06 11:31:52', '', '\r\n\r\n\r\n\r\n\r\n\r\n206A2008504A121610575037%100\r\n\r\n3180210210165151501851651520%200\r\n\r\n\r\n\r\n2012630\r\n\r\n\r\n\r\n\r\n\r\n\r\n\r\n\r\n\r\n\r\n\r\n\r\n\r\n20123626.612.8%2.318.1%\r\n\r\n2001122030\r\n\r\n20127025.5%18.217.8\r\n\r\n45\r\n\r\n\r\n\r\n\r\n\r\n\r\n\r\n\r\n\r\nA3%\r\n\r\n\r\n\r\n201020125500\r\n', '2013-06-06 11:31:52', '');
INSERT INTO `news` VALUES ('168', '1', '', '', '2013-06-06 11:32:25', '', '65 20136610\r\n\r\n', '2013-06-06 11:32:25', '');
INSERT INTO `news` VALUES ('169', '1', '', '', '2013-06-06 11:33:10', '', '66 \r\n32212\r\n \r\n', '2013-06-06 11:33:10', '');
INSERT INTO `news` VALUES ('170', '1', '6', '', '2013-06-06 11:33:45', '', '\r\n\r\n', '2013-06-06 11:33:45', '');
INSERT INTO `news` VALUES ('171', '2', '', '', '2013-06-06 11:34:25', '', '66 5&#8226;\r\n&#8226;2009\r\n\r\n&#8226;\r\n', '2013-06-06 11:34:25', '');
INSERT INTO `news` VALUES ('172', '2', '', '', '2013-06-06 11:35:04', '', '64 \r\n  &#8226;Warrior Princess20\r\n  46 \r\n  2011 \r\n   \r\n  \r\n', '2013-06-06 11:35:04', '');
INSERT INTO `news` VALUES ('173', '2', '', '', '2013-06-06 11:35:44', '', '\r\n    &#8226;15\r\n    \r\n    \r\n    \r\n    &#8226;\r\n    \r\n    \r\n    \r\n    \r\n    \r\n    151993\r\n    \r\n', '2013-06-06 11:35:44', '');
INSERT INTO `news` VALUES ('174', '2', ': ', '', '2013-06-06 11:36:24', '', ' \r\n\r\n     \r\n\r\n    1234 \r\n\r\n    20118 \r\n\r\n    123 \r\n\r\n    \r\n', '2013-06-06 11:36:24', '');
INSERT INTO `news` VALUES ('175', '3', '', '', '2013-06-06 11:36:58', '', '20(55)19\r\n65()62\r\n\r\n\r\n', '2013-06-06 11:36:58', '');
INSERT INTO `news` VALUES ('176', '3', '', '', '2013-06-06 11:37:27', '', '', '2013-06-06 11:37:27', '43!');
INSERT INTO `news` VALUES ('177', '3', '', '', '2013-06-06 11:38:01', '', '65 62\r\n\r\n\r\n \r\n\r\n\r\n\r\n4\r\n4\r\n\r\n', '2013-06-06 11:38:01', '');
INSERT INTO `news` VALUES ('178', '3', 'ZDK03', '', '2013-06-06 11:38:26', '', 'ZDK-03\r\nZDK-03\r\n', '2013-06-06 11:38:26', '');
INSERT INTO `news` VALUES ('179', '3', '', '', '2013-06-06 11:38:48', '', '66 63&#8226;\r\n\r\n2008186005\r\n23002013&#8226;\r\n\r\n\r\n2008\r\n5\r\n\r\n\r\n\r\n\r\n\r\n200\r\n\r\n\r\n', '2013-06-06 11:39:30', ' ');
INSERT INTO `news` VALUES ('180', '6', ' ', '', '2013-06-06 11:40:18', '', ' \r\n\r\n4\r\n', '2013-06-06 11:40:18', '');
INSERT INTO `news` VALUES ('181', '6', ' 20', '', '2013-06-06 11:41:03', '', '()3204000\r\n3\r\n3\r\n4284200\r\n\r\n3\r\n429153\r\n\r\n33\r\n3\r\n \r\n3\r\n510\r\n527\r\n\r\n10\r\n3\r\n\r\n201921523\r\n428293\r\n428320\r\n33\r\n63\r\n', '2013-06-06 11:41:03', '');
INSERT INTO `news` VALUES ('182', '4', ' ', '', '2013-06-06 11:41:45', '', '\r\n7\r\n\r\n\r\n317.19.9\r\n\r\n\r\n\r\n\r\n8.87.21.37\r\n\r\n72326\r\n', '2013-06-06 11:41:45', '');
INSERT INTO `news` VALUES ('183', '4', ' ', '', '2013-06-06 11:42:23', '', '-\r\n\r\nTwitter-\r\n-()-531\r\n--\r\n\r\n100\r\n\r\n-\r\n\r\nTwitter-\r\n-()-531\r\n--\r\n', '2013-06-06 11:42:23', '');
INSERT INTO `news` VALUES ('184', '4', ' 3', '', '2013-06-06 11:43:34', '', '6476-993-4[]\r\n65(6)54\r\n15-8-[]6-(5)(76-69)\r\n82games.com12185--10014\r\n(-D.J.-)16.216129152115\r\n()NBA[]22\r\n-D.J.-\r\n-56000201414002008-093705\r\n\r\n\r\n', '2013-06-06 11:43:34', '');
INSERT INTO `news` VALUES ('185', '5', '\"\" ', '', '2013-06-06 11:44:03', '', '\r\n', '2013-06-06 11:44:03', '');
INSERT INTO `news` VALUES ('186', '5', '7 ', '', '2013-06-06 11:44:22', '', '67&#8226;2&#8226;&#8226;7\r\n', '2013-06-06 11:44:22', '');
INSERT INTO `news` VALUES ('187', '5', ' ', '', '2013-06-06 11:44:50', '', ' \r\n\r\n\r\n', '2013-06-06 11:44:50', '');
INSERT INTO `news` VALUES ('188', '1', 'f', 'f', null, null, 'f', null, 'f');
INSERT INTO `news` VALUES ('189', '1', 'll', '11', null, null, '11', null, '11');
INSERT INTO `news` VALUES ('190', '1', 'll', 'kk', null, null, 'kk', null, 'kk');
INSERT INTO `news` VALUES ('191', '1', 'lll', 'lll', null, null, 'lll', null, 'lll');
INSERT INTO `news` VALUES ('192', '1', 'll', 'lljk', '2018-11-08 16:12:17', null, 'jkjkj', null, 'jkjkj');
INSERT INTO `news` VALUES ('193', '1', 'lll', 'sd', '2018-11-08 17:09:45', null, 'sd', null, 'sd');
INSERT INTO `news` VALUES ('194', '3', 'tyt', 'tyt', '2018-11-08 17:10:00', null, 'tyt', null, 'ty');
INSERT INTO `news` VALUES ('195', '2', 'ss', 'ss', '2018-11-08 17:11:05', null, 'ss', null, 'ss');
INSERT INTO `news` VALUES ('196', '4', 'sds', 'sdsd', '2018-11-08 17:12:39', '4f2780707493ad98f0159d2aa2d9cff6_1.jpg', 'sds', null, 'sdsd');
INSERT INTO `news` VALUES ('197', '6', 'sddsdsds', 'sdsdsd', '2018-11-08 17:14:32', '4f2780707493ad98f0159d2aa2d9cff6_1.jpg', 'sdsdsdsdd', null, 'sdsdsds');
INSERT INTO `news` VALUES ('198', '3', 'wwwwwwwwwwww', 'wwwwwwwwwww', '2018-11-08 17:15:25', '4f2780707493ad98f0159d2aa2d9cff6_1.jpg', 'wwwwwwwwwww', null, 'wwwwwwwwwwww');
INSERT INTO `news` VALUES ('199', '4', 'wwwwqqqqqqqqqqqq', 'qqqqqqqqqqqq', '2018-11-08 17:17:52', '4f2780707493ad98f0159d2aa2d9cff6_1.jpg', 'qqqqqqqqqqqqqqqqqq', null, 'qqqqqqqqqqqqqqqq');
INSERT INTO `news` VALUES ('200', '3', '111111111111111111111111111', 'dsd', '2018-11-08 17:25:03', '4f2780707493ad98f0159d2aa2d9cff6_1.jpg', 'wqqw', null, 'sdsd');
INSERT INTO `news` VALUES ('201', '3', '2222255555555555555555', '22222222555555', '2018-11-08 18:46:56', null, '22222222222555', null, '222222222555');

-- ----------------------------
-- Table structure for news_users
-- ----------------------------
DROP TABLE IF EXISTS `news_users`;
CREATE TABLE `news_users` (
  `uid` int(11) NOT NULL AUTO_INCREMENT,
  `uname` varchar(20) COLLATE utf8_unicode_ci NOT NULL,
  `upwd` varchar(20) COLLATE utf8_unicode_ci NOT NULL,
  PRIMARY KEY (`uid`)
) ENGINE=InnoDB AUTO_INCREMENT=4 DEFAULT CHARSET=utf8 COLLATE=utf8_unicode_ci;

-- ----------------------------
-- Records of news_users
-- ----------------------------
INSERT INTO `news_users` VALUES ('1', 'admin', 'admin');
INSERT INTO `news_users` VALUES ('2', '22', '22');
INSERT INTO `news_users` VALUES ('3', '33', '33');

-- ----------------------------
-- Table structure for strategy
-- ----------------------------
DROP TABLE IF EXISTS `strategy`;
CREATE TABLE `strategy` (
  `sid` int(11) NOT NULL AUTO_INCREMENT COMMENT 'id',
  `sname` varchar(255) DEFAULT NULL COMMENT '',
  `myield` varchar(255) DEFAULT NULL COMMENT '',
  `fyield` varchar(255) DEFAULT NULL COMMENT '',
  `ayield` varchar(255) DEFAULT NULL COMMENT '',
  `mdrawdown` varchar(255) DEFAULT NULL COMMENT '',
  `tfrequency` varchar(255) DEFAULT NULL COMMENT '',
  `updatetime` timestamp NULL DEFAULT CURRENT_TIMESTAMP ON UPDATE CURRENT_TIMESTAMP COMMENT '',
  `gearing` varchar(255) DEFAULT NULL COMMENT '',
  `incomerisk` varchar(255) DEFAULT NULL COMMENT '',
  `winning` varchar(255) DEFAULT NULL COMMENT '',
  `profit` varchar(255) DEFAULT NULL COMMENT '',
  `daysoffirmoffer` varchar(255) DEFAULT NULL COMMENT '',
  PRIMARY KEY (`sid`)
) ENGINE=InnoDB AUTO_INCREMENT=3 DEFAULT CHARSET=utf8;

-- ----------------------------
-- Records of strategy
-- ----------------------------
INSERT INTO `strategy` VALUES ('1', 'R--500w', '1595.35', '22472.26', '13421.44', '574722.42', '134', '2018-12-07 17:27:08', '2', '2.92', '37.76', '2.08', '234');
INSERT INTO `strategy` VALUES ('2', 'R--300w', '8.46', '18.13', '31.22', '1076577.68', '351', '2018-12-03 17:27:10', '2', '0.87', '38.79', '2.11', '878');

-- ----------------------------
-- Table structure for topic
-- ----------------------------
DROP TABLE IF EXISTS `topic`;
CREATE TABLE `topic` (
  `tid` int(11) NOT NULL AUTO_INCREMENT,
  `tname` varchar(50) COLLATE utf8_unicode_ci NOT NULL,
  PRIMARY KEY (`tid`)
) ENGINE=InnoDB AUTO_INCREMENT=40 DEFAULT CHARSET=utf8 COLLATE=utf8_unicode_ci;

-- ----------------------------
-- Records of topic
-- ----------------------------
INSERT INTO `topic` VALUES ('1', '');
INSERT INTO `topic` VALUES ('2', '');
INSERT INTO `topic` VALUES ('3', '');
INSERT INTO `topic` VALUES ('4', '');
INSERT INTO `topic` VALUES ('5', '');
INSERT INTO `topic` VALUES ('6', '');
INSERT INTO `topic` VALUES ('7', '');
INSERT INTO `topic` VALUES ('8', '');
INSERT INTO `topic` VALUES ('9', '');
INSERT INTO `topic` VALUES ('10', '');
INSERT INTO `topic` VALUES ('11', '');
INSERT INTO `topic` VALUES ('12', '');
INSERT INTO `topic` VALUES ('13', '');
INSERT INTO `topic` VALUES ('14', '');
INSERT INTO `topic` VALUES ('15', '');
INSERT INTO `topic` VALUES ('16', '');
INSERT INTO `topic` VALUES ('28', '');
INSERT INTO `topic` VALUES ('29', '');
INSERT INTO `topic` VALUES ('30', '');
INSERT INTO `topic` VALUES ('31', '');
INSERT INTO `topic` VALUES ('32', '2333');
INSERT INTO `topic` VALUES ('33', '');
INSERT INTO `topic` VALUES ('34', '777');
INSERT INTO `topic` VALUES ('35', '888');
INSERT INTO `topic` VALUES ('37', '5555');
INSERT INTO `topic` VALUES ('38', '898989');
INSERT INTO `topic` VALUES ('39', '0000');
